wandb_id,wandb_name,state,group,created_at,url,dataset,model,synthetic_size,mpnn_layers,hidden_dim,stalk_dim,sheaf_variant,sheaf_normalize_output,sheaf_add_self_loops,bs,epochs,seed,add_crosses,num_class,input_dim,output_dim,synth_train_size,synth_test_size,experiment_label,topology_label,best_acc,best_epoch,best_loss,best_test_acc,best_test_loss,final_acc,final_acc_std,final_loss,final_test_acc,final_test_loss,test_acc,test_loss,train_acc,train_loss
7mfnd620,transfer-clique-path-classic-gat-h64-fdim5-dist2-size2-seed43,finished,graph-transfer-paper-classical-vs-sheaf-runpod,2026-06-03T17:51:16Z,https://wandb.ai/luigifracassetti-universit-degli-studi-di-milano-bicocca/on-oversquashing-transfer-RunPod/runs/7mfnd620,LOLLIPOP,gat,2,2,64,1,general,True,True,128,100,43,False,5,5,5,5000,500,classic-gat-h64,clique-path,100.0,0,0.6905311346054077,1.0,0.6905311346054077,100.0,0,0.6905311346054077,1.0,0.6905311346054077,1.0,0.6905311346054077,0.9017578125,0.7682430125772953
w6vl6z8e,transfer-clique-path-classic-gat-h64-fdim5-dist4-size6-seed43,finished,graph-transfer-paper-classical-vs-sheaf-runpod,2026-06-03T17:57:06Z,https://wandb.ai/luigifracassetti-universit-degli-studi-di-milano-bicocca/on-oversquashing-transfer-RunPod/runs/w6vl6z8e,LOLLIPOP,gat,6,4,64,1,general,True,True,128,100,43,False,5,5,5,5000,500,classic-gat-h64,clique-path,100.0,1,0.028325313702225685,1.0,0.028325313702225685,100.0,0,0.028325313702225685,1.0,0.028325313702225685,1.0,0.028325313702225685,1.0,0.03369084224104881
92uswbvi,transfer-clique-path-classic-gat-h64-fdim5-dist6-size10-seed43,finished,graph-transfer-paper-classical-vs-sheaf-runpod,2026-06-03T18:26:42Z,https://wandb.ai/luigifracassetti-universit-degli-studi-di-milano-bicocca/on-oversquashing-transfer-RunPod/runs/92uswbvi,LOLLIPOP,gat,10,6,64,1,general,True,True,128,100,43,False,5,5,5,5000,500,classic-gat-h64,clique-path,100.0,1,0.019748549908399585,1.0,0.019748549908399585,100.0,0,0.019748549908399585,1.0,0.019748549908399585,1.0,0.019748549908399585,1.0,0.04284333141986281
tx30tirc,transfer-clique-path-classic-gat-h64-fdim5-dist11-size20-seed43,finished,graph-transfer-paper-classical-vs-sheaf-runpod,2026-06-03T19:48:44Z,https://wandb.ai/luigifracassetti-universit-degli-studi-di-milano-bicocca/on-oversquashing-transfer-RunPod/runs/tx30tirc,LOLLIPOP,gat,20,11,64,1,general,True,True,128,100,43,False,5,5,5,5000,500,classic-gat-h64,clique-path,24.6,38,1.6071791648864746,0.246,1.6071791648864746,18.4,0,1.6160404682159424,0.184,1.6160404682159424,0.184,1.6160404682159424,0.249609375,1.5908440798521042
bxzk2c0a,transfer-clique-path-classic-gat-h64-fdim5-dist16-size30-seed43,finished,graph-transfer-paper-classical-vs-sheaf-runpod,2026-06-03T22:12:48Z,https://wandb.ai/luigifracassetti-universit-degli-studi-di-milano-bicocca/on-oversquashing-transfer-RunPod/runs/bxzk2c0a,LOLLIPOP,gat,30,16,64,1,general,True,True,128,100,43,False,5,5,5,5000,500,classic-gat-h64,clique-path,24.6,30,1.6079460382461548,0.246,1.6079460382461548,18.4,0,1.6159428358078003,0.184,1.6159428358078003,0.184,1.6159428358078003,0.25234375,1.5912514269351958
epzx45gv,transfer-clique-path-classic-gcn-h64-fdim5-dist2-size2-seed43,finished,graph-transfer-paper-classical-vs-sheaf-runpod,2026-06-03T17:51:12Z,https://wandb.ai/luigifracassetti-universit-degli-studi-di-milano-bicocca/on-oversquashing-transfer-RunPod/runs/epzx45gv,LOLLIPOP,gcn,2,2,64,1,general,True,True,128,100,43,False,5,5,5,5000,500,classic-gcn-h64,clique-path,100.0,0,0.8555436134338379,1.0,0.8555436134338379,100.0,0,0.8555436134338379,1.0,0.8555436134338379,1.0,0.8555436134338379,0.6626953125,1.1449444144964218
pvx0j5jw,transfer-clique-path-classic-gcn-h64-fdim5-dist4-size6-seed43,finished,graph-transfer-paper-classical-vs-sheaf-runpod,2026-06-03T17:56:58Z,https://wandb.ai/luigifracassetti-universit-degli-studi-di-milano-bicocca/on-oversquashing-transfer-RunPod/runs/pvx0j5jw,LOLLIPOP,gcn,6,4,64,1,general,True,True,128,100,43,False,5,5,5,5000,500,classic-gcn-h64,clique-path,100.0,1,0.3478686511516571,1.0,0.3478686511516571,100.0,0,0.3478686511516571,1.0,0.3478686511516571,1.0,0.3478686511516571,1.0,0.4157295886427164
1ewjr0o0,transfer-clique-path-classic-gcn-h64-fdim5-dist6-size10-seed43,finished,graph-transfer-paper-classical-vs-sheaf-runpod,2026-06-03T18:26:26Z,https://wandb.ai/luigifracassetti-universit-degli-studi-di-milano-bicocca/on-oversquashing-transfer-RunPod/runs/1ewjr0o0,LOLLIPOP,gcn,10,6,64,1,general,True,True,128,100,43,False,5,5,5,5000,500,classic-gcn-h64,clique-path,100.0,15,0.06800013780593872,1.0,0.06800013780593872,100.0,0,0.06800013780593872,1.0,0.06800013780593872,1.0,0.06800013780593872,1.0,0.017668939754366876
a7q70qau,transfer-clique-path-classic-gcn-h64-fdim5-dist11-size20-seed43,finished,graph-transfer-paper-classical-vs-sheaf-runpod,2026-06-03T19:46:55Z,https://wandb.ai/luigifracassetti-universit-degli-studi-di-milano-bicocca/on-oversquashing-transfer-RunPod/runs/a7q70qau,LOLLIPOP,gcn,20,11,64,1,general,True,True,128,100,43,False,5,5,5,5000,500,classic-gcn-h64,clique-path,24.6,3,1.6079959869384766,0.246,1.6079959869384766,18.4,0,1.6113135814666748,0.184,1.6113135814666748,0.184,1.6113135814666748,0.2556640625,1.5892710447311402
tmbvyuby,transfer-clique-path-classic-gcn-h64-fdim5-dist16-size30-seed43,finished,graph-transfer-paper-classical-vs-sheaf-runpod,2026-06-03T22:10:29Z,https://wandb.ai/luigifracassetti-universit-degli-studi-di-milano-bicocca/on-oversquashing-transfer-RunPod/runs/tmbvyuby,LOLLIPOP,gcn,30,16,64,1,general,True,True,128,100,43,False,5,5,5,5000,500,classic-gcn-h64,clique-path,24.6,2,1.6055338382720947,0.246,1.6055338382720947,17.4,0,1.6303173303604126,0.174,1.6303173303604126,0.174,1.6303173303604126,0.2560546875,1.5889080047607422
gv4jva3z,transfer-clique-path-classic-gin-h64-fdim5-dist2-size2-seed43,finished,graph-transfer-paper-classical-vs-sheaf-runpod,2026-06-03T17:51:16Z,https://wandb.ai/luigifracassetti-universit-degli-studi-di-milano-bicocca/on-oversquashing-transfer-RunPod/runs/gv4jva3z,LOLLIPOP,gin,2,2,64,1,general,True,True,128,100,43,False,5,5,5,5000,500,classic-gin-h64,clique-path,100.0,6,0.4009401202201843,1.0,0.4009401202201843,100.0,0,0.4009401202201843,1.0,0.4009401202201843,1.0,0.4009401202201843,0.8353515625,0.4471348911523819
4cu0nmp0,transfer-clique-path-classic-gin-h64-fdim5-dist4-size6-seed43,finished,graph-transfer-paper-classical-vs-sheaf-runpod,2026-06-03T17:57:07Z,https://wandb.ai/luigifracassetti-universit-degli-studi-di-milano-bicocca/on-oversquashing-transfer-RunPod/runs/4cu0nmp0,LOLLIPOP,gin,6,4,64,1,general,True,True,128,100,43,False,5,5,5,5000,500,classic-gin-h64,clique-path,100.0,7,0.33051797747612,1.0,0.33051797747612,100.0,0,0.33051797747612,1.0,0.33051797747612,1.0,0.33051797747612,0.953125,0.33234049901366236
29wbrzrh,transfer-clique-path-classic-gin-h64-fdim5-dist6-size10-seed43,finished,graph-transfer-paper-classical-vs-sheaf-runpod,2026-06-03T18:26:47Z,https://wandb.ai/luigifracassetti-universit-degli-studi-di-milano-bicocca/on-oversquashing-transfer-RunPod/runs/29wbrzrh,LOLLIPOP,gin,10,6,64,1,general,True,True,128,100,43,False,5,5,5,5000,500,classic-gin-h64,clique-path,100.0,18,0.5189568996429443,1.0,0.5189568996429443,100.0,0,0.5189568996429443,1.0,0.5189568996429443,1.0,0.5189568996429443,1.0,0.12292621172964573
v6uw9alj,transfer-clique-path-classic-gin-h64-fdim5-dist11-size20-seed43,finished,graph-transfer-paper-classical-vs-sheaf-runpod,2026-06-03T19:49:01Z,https://wandb.ai/luigifracassetti-universit-degli-studi-di-milano-bicocca/on-oversquashing-transfer-RunPod/runs/v6uw9alj,LOLLIPOP,gin,20,11,64,1,general,True,True,128,100,43,False,5,5,5,5000,500,classic-gin-h64,clique-path,18.4,0,197404.21875,0.184,197404.21875,18.4,0,1794.052734375,0.184,1794.052734375,0.184,1794.052734375,0.1998046875,1.6093293637037278
l3efwbe8,transfer-clique-path-classic-gin-h64-fdim5-dist16-size30-seed43,finished,graph-transfer-paper-classical-vs-sheaf-runpod,2026-06-03T22:16:32Z,https://wandb.ai/luigifracassetti-universit-degli-studi-di-milano-bicocca/on-oversquashing-transfer-RunPod/runs/l3efwbe8,LOLLIPOP,gin,30,16,64,1,general,True,True,128,100,43,False,5,5,5,5000,500,classic-gin-h64,clique-path,21.2,0,1.6102702617645264,0.212,1.6102702617645264,21.2,0,1.607330560684204,0.212,1.607330560684204,0.212,1.607330560684204,0.2021484375,1.610977828502655
gz0w62qu,transfer-clique-path-nsd-general-norm-stalk1-h10-fdim5-dist2-size2-seed43,finished,graph-transfer-paper-classical-vs-sheaf-runpod,2026-06-03T17:51:27Z,https://wandb.ai/luigifracassetti-universit-degli-studi-di-milano-bicocca/on-oversquashing-transfer-RunPod/runs/gz0w62qu,LOLLIPOP,nsd,2,2,10,1,general,True,True,128,100,43,False,5,5,5,5000,500,nsd-general-norm-stalk1-h10,clique-path,100.0,2,1.1623780727386477,1.0,1.1623780727386477,100.0,0,1.1623780727386477,1.0,1.1623780727386477,1.0,1.1623780727386477,0.97265625,1.2411517083644867
0ljmy2x1,transfer-clique-path-nsd-general-norm-stalk1-h10-fdim5-dist4-size6-seed43,finished,graph-transfer-paper-classical-vs-sheaf-runpod,2026-06-03T17:57:19Z,https://wandb.ai/luigifracassetti-universit-degli-studi-di-milano-bicocca/on-oversquashing-transfer-RunPod/runs/0ljmy2x1,LOLLIPOP,nsd,6,4,10,1,general,True,True,128,100,43,False,5,5,5,5000,500,nsd-general-norm-stalk1-h10,clique-path,82.6,10,0.9643048644065856,0.826,0.9643048644065856,78.8,0,0.40263232588768005,0.788,0.40263232588768005,0.788,0.40263232588768005,0.8029296875,0.4129610568284988
wwdrb62l,transfer-clique-path-nsd-general-norm-stalk1-h10-fdim5-dist6-size10-seed43,finished,graph-transfer-paper-classical-vs-sheaf-runpod,2026-06-03T18:27:13Z,https://wandb.ai/luigifracassetti-universit-degli-studi-di-milano-bicocca/on-oversquashing-transfer-RunPod/runs/wwdrb62l,LOLLIPOP,nsd,10,6,10,1,general,True,True,128,100,43,False,5,5,5,5000,500,nsd-general-norm-stalk1-h10,clique-path,35.8,98,1.6113790273666382,0.358,1.6113790273666382,17.4,0,1.6114662885665894,0.174,1.6114662885665894,0.174,1.6114662885665894,0.1931640625,1.609311830997467
fzbnwqm3,transfer-clique-path-nsd-general-norm-stalk1-h10-fdim5-dist11-size20-seed43,finished,graph-transfer-paper-classical-vs-sheaf-runpod,2026-06-03T19:51:54Z,https://wandb.ai/luigifracassetti-universit-degli-studi-di-milano-bicocca/on-oversquashing-transfer-RunPod/runs/fzbnwqm3,LOLLIPOP,nsd,20,11,10,1,general,True,True,128,100,43,False,5,5,5,5000,500,nsd-general-norm-stalk1-h10,clique-path,24.6,22,1.609434962272644,0.246,1.609434962272644,17.4,0,1.6113215684890747,0.174,1.6113215684890747,0.174,1.6113215684890747,0.20078125,1.6091980755329132
ib544i3i,transfer-clique-path-nsd-general-norm-stalk1-h10-fdim5-dist16-size30-seed43,finished,graph-transfer-paper-classical-vs-sheaf-runpod,2026-06-03T22:21:03Z,https://wandb.ai/luigifracassetti-universit-degli-studi-di-milano-bicocca/on-oversquashing-transfer-RunPod/runs/ib544i3i,LOLLIPOP,nsd,30,16,10,1,general,True,True,128,100,43,False,5,5,5,5000,500,nsd-general-norm-stalk1-h10,clique-path,21.2,35,1.6102488040924072,0.212,1.6102488040924072,18.4,0,1.6114797592163086,0.184,1.6114797592163086,0.184,1.6114797592163086,0.202734375,1.6094423830509186
dhp09ynj,transfer-clique-path-nsd-general-norm-stalk1-h100-fdim5-dist2-size2-seed43,finished,graph-transfer-paper-classical-vs-sheaf-runpod,2026-06-03T17:51:39Z,https://wandb.ai/luigifracassetti-universit-degli-studi-di-milano-bicocca/on-oversquashing-transfer-RunPod/runs/dhp09ynj,LOLLIPOP,nsd,2,2,100,1,general,True,True,128,100,43,False,5,5,5,5000,500,nsd-general-norm-stalk1-h100,clique-path,100.0,0,1.0195436477661133,1.0,1.0195436477661133,100.0,0,1.0195436477661133,1.0,1.0195436477661133,1.0,1.0195436477661133,0.851953125,1.3380282431840895
vqgzrccy,transfer-clique-path-nsd-general-norm-stalk1-h100-fdim5-dist4-size6-seed43,finished,graph-transfer-paper-classical-vs-sheaf-runpod,2026-06-03T17:58:14Z,https://wandb.ai/luigifracassetti-universit-degli-studi-di-milano-bicocca/on-oversquashing-transfer-RunPod/runs/vqgzrccy,LOLLIPOP,nsd,6,4,100,1,general,True,True,128,100,43,False,5,5,5,5000,500,nsd-general-norm-stalk1-h100,clique-path,24.6,3,1.607427000999451,0.246,1.607427000999451,17.4,0,1.6113756895065308,0.174,1.6113756895065308,0.174,1.6113756895065308,0.2037109375,1.6095153123140336
i6w1d6nh,transfer-clique-path-nsd-general-norm-stalk1-h100-fdim5-dist6-size10-seed43,finished,graph-transfer-paper-classical-vs-sheaf-runpod,2026-06-03T18:31:01Z,https://wandb.ai/luigifracassetti-universit-degli-studi-di-milano-bicocca/on-oversquashing-transfer-RunPod/runs/i6w1d6nh,LOLLIPOP,nsd,10,6,100,1,general,True,True,128,100,43,False,5,5,5,5000,500,nsd-general-norm-stalk1-h100,clique-path,24.6,11,1.6090075969696045,0.246,1.6090075969696045,17.4,0,1.611076831817627,0.174,1.611076831817627,0.174,1.611076831817627,0.1978515625,1.6094793260097504
85an0580,transfer-clique-path-nsd-general-norm-stalk1-h100-fdim5-dist11-size20-seed43,finished,graph-transfer-paper-classical-vs-sheaf-runpod,2026-06-03T19:56:19Z,https://wandb.ai/luigifracassetti-universit-degli-studi-di-milano-bicocca/on-oversquashing-transfer-RunPod/runs/85an0580,LOLLIPOP,nsd,20,11,100,1,general,True,True,128,100,43,False,5,5,5,5000,500,nsd-general-norm-stalk1-h100,clique-path,21.2,30,1.6113756895065308,0.212,1.6113756895065308,17.4,0,1.6113425493240356,0.174,1.6113425493240356,0.174,1.6113425493240356,0.20078125,1.6093153029680252
22bintj2,transfer-clique-path-nsd-general-norm-stalk1-h100-fdim5-dist16-size30-seed43,finished,graph-transfer-paper-classical-vs-sheaf-runpod,2026-06-03T22:27:22Z,https://wandb.ai/luigifracassetti-universit-degli-studi-di-milano-bicocca/on-oversquashing-transfer-RunPod/runs/22bintj2,LOLLIPOP,nsd,30,16,100,1,general,True,True,128,100,43,False,5,5,5,5000,500,nsd-general-norm-stalk1-h100,clique-path,24.6,22,1.6088778972625732,0.246,1.6088778972625732,17.4,0,1.6116001605987549,0.174,1.6116001605987549,0.174,1.6116001605987549,0.20078125,1.6093333601951598
fb6fbfe1,transfer-clique-path-nsd-general-norm-stalk1-h200-fdim5-dist2-size2-seed43,finished,graph-transfer-paper-classical-vs-sheaf-runpod,2026-06-03T17:51:42Z,https://wandb.ai/luigifracassetti-universit-degli-studi-di-milano-bicocca/on-oversquashing-transfer-RunPod/runs/fb6fbfe1,LOLLIPOP,nsd,2,2,200,1,general,True,True,128,100,43,False,5,5,5,5000,500,nsd-general-norm-stalk1-h200,clique-path,100.0,0,0.8536573648452759,1.0,0.8536573648452759,100.0,0,0.8536573648452759,1.0,0.8536573648452759,1.0,0.8536573648452759,0.9296875,1.1444106876850129
e9ztmux5,transfer-clique-path-nsd-general-norm-stalk1-h200-fdim5-dist4-size6-seed43,finished,graph-transfer-paper-classical-vs-sheaf-runpod,2026-06-03T17:58:50Z,https://wandb.ai/luigifracassetti-universit-degli-studi-di-milano-bicocca/on-oversquashing-transfer-RunPod/runs/e9ztmux5,LOLLIPOP,nsd,6,4,200,1,general,True,True,128,100,43,False,5,5,5,5000,500,nsd-general-norm-stalk1-h200,clique-path,24.6,0,1.606365442276001,0.246,1.606365442276001,17.4,0,1.6110844612121582,0.174,1.6110844612121582,0.174,1.6110844612121582,0.206640625,1.6093572705984116
2zi1apls,transfer-clique-path-nsd-general-norm-stalk1-h200-fdim5-dist6-size10-seed43,finished,graph-transfer-paper-classical-vs-sheaf-runpod,2026-06-03T18:34:06Z,https://wandb.ai/luigifracassetti-universit-degli-studi-di-milano-bicocca/on-oversquashing-transfer-RunPod/runs/2zi1apls,LOLLIPOP,nsd,10,6,200,1,general,True,True,128,100,43,False,5,5,5,5000,500,nsd-general-norm-stalk1-h200,clique-path,24.6,5,1.6081461906433103,0.246,1.6081461906433103,17.4,0,1.611314058303833,0.174,1.611314058303833,0.174,1.611314058303833,0.206640625,1.609258109331131
oyhkwmox,transfer-clique-path-nsd-general-norm-stalk1-h200-fdim5-dist11-size20-seed43,finished,graph-transfer-paper-classical-vs-sheaf-runpod,2026-06-03T19:59:58Z,https://wandb.ai/luigifracassetti-universit-degli-studi-di-milano-bicocca/on-oversquashing-transfer-RunPod/runs/oyhkwmox,LOLLIPOP,nsd,20,11,200,1,general,True,True,128,100,43,False,5,5,5,5000,500,nsd-general-norm-stalk1-h200,clique-path,24.6,11,1.6060220003128052,0.246,1.6060220003128052,17.4,0,1.6112405061721802,0.174,1.6112405061721802,0.174,1.6112405061721802,0.20390625,1.609448492527008
ajuf7mp5,transfer-clique-path-nsd-general-norm-stalk1-h200-fdim5-dist16-size30-seed43,finished,graph-transfer-paper-classical-vs-sheaf-runpod,2026-06-03T22:31:27Z,https://wandb.ai/luigifracassetti-universit-degli-studi-di-milano-bicocca/on-oversquashing-transfer-RunPod/runs/ajuf7mp5,LOLLIPOP,nsd,30,16,200,1,general,True,True,128,100,43,False,5,5,5,5000,500,nsd-general-norm-stalk1-h200,clique-path,24.6,0,1.6063437461853027,0.246,1.6063437461853027,18.4,0,1.610857367515564,0.184,1.610857367515564,0.184,1.610857367515564,0.194921875,1.6093136727809907
tu8sz075,transfer-clique-path-nsd-general-norm-stalk1-h50-fdim5-dist2-size2-seed43,finished,graph-transfer-paper-classical-vs-sheaf-runpod,2026-06-03T17:51:28Z,https://wandb.ai/luigifracassetti-universit-degli-studi-di-milano-bicocca/on-oversquashing-transfer-RunPod/runs/tu8sz075,LOLLIPOP,nsd,2,2,50,1,general,True,True,128,100,43,False,5,5,5,5000,500,nsd-general-norm-stalk1-h50,clique-path,100.0,0,1.16855788230896,1.0,1.16855788230896,100.0,0,1.16855788230896,1.0,1.16855788230896,1.0,1.16855788230896,0.6728515625,1.4254633069038392
1gpugn32,transfer-clique-path-nsd-general-norm-stalk1-h50-fdim5-dist4-size6-seed43,finished,graph-transfer-paper-classical-vs-sheaf-runpod,2026-06-03T17:57:23Z,https://wandb.ai/luigifracassetti-universit-degli-studi-di-milano-bicocca/on-oversquashing-transfer-RunPod/runs/1gpugn32,LOLLIPOP,nsd,6,4,50,1,general,True,True,128,100,43,False,5,5,5,5000,500,nsd-general-norm-stalk1-h50,clique-path,100.0,10,0.4949661195278168,1.0,0.4949661195278168,100.0,0,0.4949661195278168,1.0,0.4949661195278168,1.0,0.4949661195278168,0.80625,0.4849408559501171
x2ttyfuw,transfer-clique-path-nsd-general-norm-stalk1-h50-fdim5-dist6-size10-seed43,finished,graph-transfer-paper-classical-vs-sheaf-runpod,2026-06-03T18:30:15Z,https://wandb.ai/luigifracassetti-universit-degli-studi-di-milano-bicocca/on-oversquashing-transfer-RunPod/runs/x2ttyfuw,LOLLIPOP,nsd,10,6,50,1,general,True,True,128,100,43,False,5,5,5,5000,500,nsd-general-norm-stalk1-h50,clique-path,24.6,7,1.6087850332260132,0.246,1.6087850332260132,17.4,0,1.611331820487976,0.174,1.611331820487976,0.174,1.611331820487976,0.1978515625,1.6093743056058885
pg7sbqqp,transfer-clique-path-nsd-general-norm-stalk1-h50-fdim5-dist11-size20-seed43,finished,graph-transfer-paper-classical-vs-sheaf-runpod,2026-06-03T19:55:40Z,https://wandb.ai/luigifracassetti-universit-degli-studi-di-milano-bicocca/on-oversquashing-transfer-RunPod/runs/pg7sbqqp,LOLLIPOP,nsd,20,11,50,1,general,True,True,128,100,43,False,5,5,5,5000,500,nsd-general-norm-stalk1-h50,clique-path,21.2,2,1.6085892915725708,0.212,1.6085892915725708,17.4,0,1.6113749742507937,0.174,1.6113749742507937,0.174,1.6113749742507937,0.1978515625,1.6095373332500458
6oi5fp68,transfer-clique-path-nsd-general-norm-stalk1-h50-fdim5-dist16-size30-seed43,finished,graph-transfer-paper-classical-vs-sheaf-runpod,2026-06-03T22:24:24Z,https://wandb.ai/luigifracassetti-universit-degli-studi-di-milano-bicocca/on-oversquashing-transfer-RunPod/runs/6oi5fp68,LOLLIPOP,nsd,30,16,50,1,general,True,True,128,100,43,False,5,5,5,5000,500,nsd-general-norm-stalk1-h50,clique-path,24.6,2,1.6086225509643557,0.246,1.6086225509643557,18.4,0,1.6112823486328125,0.184,1.6112823486328125,0.184,1.6112823486328125,0.1998046875,1.609236517548561
u2p59hci,transfer-clique-path-nsd-general-norm-stalk3-h10-fdim5-dist2-size2-seed43,finished,graph-transfer-paper-classical-vs-sheaf-runpod,2026-06-03T17:51:51Z,https://wandb.ai/luigifracassetti-universit-degli-studi-di-milano-bicocca/on-oversquashing-transfer-RunPod/runs/u2p59hci,LOLLIPOP,nsd,2,2,10,3,general,True,True,128,100,43,False,5,5,5,5000,500,nsd-general-norm-stalk3-h10,clique-path,100.0,0,1.3017027378082275,1.0,1.3017027378082275,100.0,0,1.3017027378082275,1.0,1.3017027378082275,1.0,1.3017027378082275,0.7150390625,1.4420653462409974
k2halnh3,transfer-clique-path-nsd-general-norm-stalk3-h10-fdim5-dist4-size6-seed43,finished,graph-transfer-paper-classical-vs-sheaf-runpod,2026-06-03T18:00:34Z,https://wandb.ai/luigifracassetti-universit-degli-studi-di-milano-bicocca/on-oversquashing-transfer-RunPod/runs/k2halnh3,LOLLIPOP,nsd,6,4,10,3,general,True,True,128,100,43,False,5,5,5,5000,500,nsd-general-norm-stalk3-h10,clique-path,100.0,3,0.974865972995758,1.0,0.974865972995758,100.0,0,0.974865972995758,1.0,0.974865972995758,1.0,0.974865972995758,0.9728515625,1.050808736681938
le95orrj,transfer-clique-path-nsd-general-norm-stalk3-h10-fdim5-dist6-size10-seed43,finished,graph-transfer-paper-classical-vs-sheaf-runpod,2026-06-03T18:34:50Z,https://wandb.ai/luigifracassetti-universit-degli-studi-di-milano-bicocca/on-oversquashing-transfer-RunPod/runs/le95orrj,LOLLIPOP,nsd,10,6,10,3,general,True,True,128,100,43,False,5,5,5,5000,500,nsd-general-norm-stalk3-h10,clique-path,75.4,53,0.7321020364761353,0.754,0.7321020364761353,75.4,0,0.6365636587142944,0.754,0.6365636587142944,0.754,0.6365636587142944,0.8091796875,0.6222173869609833
z97z1f3m,transfer-clique-path-nsd-general-norm-stalk3-h10-fdim5-dist11-size20-seed43,finished,graph-transfer-paper-classical-vs-sheaf-runpod,2026-06-03T20:00:52Z,https://wandb.ai/luigifracassetti-universit-degli-studi-di-milano-bicocca/on-oversquashing-transfer-RunPod/runs/z97z1f3m,LOLLIPOP,nsd,20,11,10,3,general,True,True,128,100,43,False,5,5,5,5000,500,nsd-general-norm-stalk3-h10,clique-path,21.2,1,1.6105488538742063,0.212,1.6105488538742063,17.4,0,1.611143946647644,0.174,1.611143946647644,0.174,1.611143946647644,0.2037109375,1.6093270540237428
gptau40p,transfer-clique-path-nsd-general-norm-stalk3-h10-fdim5-dist16-size30-seed43,finished,graph-transfer-paper-classical-vs-sheaf-runpod,2026-06-03T22:33:54Z,https://wandb.ai/luigifracassetti-universit-degli-studi-di-milano-bicocca/on-oversquashing-transfer-RunPod/runs/gptau40p,LOLLIPOP,nsd,30,16,10,3,general,True,True,128,100,43,False,5,5,5,5000,500,nsd-general-norm-stalk3-h10,clique-path,21.2,11,1.6113073825836182,0.212,1.6113073825836182,17.4,0,1.6114463806152344,0.174,1.6114463806152344,0.174,1.6114463806152344,0.20078125,1.6093572080135343
rabi0rl9,transfer-clique-path-nsd-general-norm-stalk3-h100-fdim5-dist2-size2-seed43,finished,graph-transfer-paper-classical-vs-sheaf-runpod,2026-06-03T17:52:03Z,https://wandb.ai/luigifracassetti-universit-degli-studi-di-milano-bicocca/on-oversquashing-transfer-RunPod/runs/rabi0rl9,LOLLIPOP,nsd,2,2,100,3,general,True,True,128,100,43,False,5,5,5,5000,500,nsd-general-norm-stalk3-h100,clique-path,100.0,0,0.8922199010848999,1.0,0.8922199010848999,100.0,0,0.8922199010848999,1.0,0.8922199010848999,1.0,0.8922199010848999,0.9447265625,1.2181248143315315
dr62f9i9,transfer-clique-path-nsd-general-norm-stalk3-h100-fdim5-dist4-size6-seed43,finished,graph-transfer-paper-classical-vs-sheaf-runpod,2026-06-03T18:01:11Z,https://wandb.ai/luigifracassetti-universit-degli-studi-di-milano-bicocca/on-oversquashing-transfer-RunPod/runs/dr62f9i9,LOLLIPOP,nsd,6,4,100,3,general,True,True,128,100,43,False,5,5,5,5000,500,nsd-general-norm-stalk3-h100,clique-path,21.2,1,1.6072102785110474,0.212,1.6072102785110474,17.4,0,1.611117959022522,0.174,1.611117959022522,0.174,1.611117959022522,0.2037109375,1.6093159556388854
6zen0d59,transfer-clique-path-nsd-general-norm-stalk3-h100-fdim5-dist6-size10-seed43,finished,graph-transfer-paper-classical-vs-sheaf-runpod,2026-06-03T18:37:51Z,https://wandb.ai/luigifracassetti-universit-degli-studi-di-milano-bicocca/on-oversquashing-transfer-RunPod/runs/6zen0d59,LOLLIPOP,nsd,10,6,100,3,general,True,True,128,100,43,False,5,5,5,5000,500,nsd-general-norm-stalk3-h100,clique-path,24.6,5,1.60827898979187,0.246,1.60827898979187,18.4,0,1.6113961935043335,0.184,1.6113961935043335,0.184,1.6113961935043335,0.1955078125,1.6094455301761628
ve8ttqf5,transfer-clique-path-nsd-general-norm-stalk3-h100-fdim5-dist11-size20-seed43,finished,graph-transfer-paper-classical-vs-sheaf-runpod,2026-06-03T20:06:34Z,https://wandb.ai/luigifracassetti-universit-degli-studi-di-milano-bicocca/on-oversquashing-transfer-RunPod/runs/ve8ttqf5,LOLLIPOP,nsd,20,11,100,3,general,True,True,128,100,43,False,5,5,5,5000,500,nsd-general-norm-stalk3-h100,clique-path,24.6,3,1.6066172122955322,0.246,1.6066172122955322,17.4,0,1.6111555099487305,0.174,1.6111555099487305,0.174,1.6111555099487305,0.2017578125,1.609286266565323
eiavr13t,transfer-clique-path-nsd-general-norm-stalk3-h100-fdim5-dist16-size30-seed43,finished,graph-transfer-paper-classical-vs-sheaf-runpod,2026-06-03T22:48:57Z,https://wandb.ai/luigifracassetti-universit-degli-studi-di-milano-bicocca/on-oversquashing-transfer-RunPod/runs/eiavr13t,LOLLIPOP,nsd,30,16,100,3,general,True,True,128,100,43,False,5,5,5,5000,500,nsd-general-norm-stalk3-h100,clique-path,24.6,0,1.6066662073135376,0.246,1.6066662073135376,17.4,0,1.6112533807754517,0.174,1.6112533807754517,0.174,1.6112533807754517,0.2107421875,1.609281638264656
h4wed9ss,transfer-clique-path-nsd-general-norm-stalk3-h200-fdim5-dist2-size2-seed43,finished,graph-transfer-paper-classical-vs-sheaf-runpod,2026-06-03T17:52:06Z,https://wandb.ai/luigifracassetti-universit-degli-studi-di-milano-bicocca/on-oversquashing-transfer-RunPod/runs/h4wed9ss,LOLLIPOP,nsd,2,2,200,3,general,True,True,128,100,43,False,5,5,5,5000,500,nsd-general-norm-stalk3-h200,clique-path,100.0,0,0.7232034206390381,1.0,0.7232034206390381,100.0,0,0.7232034206390381,1.0,0.7232034206390381,1.0,0.7232034206390381,0.965625,1.1056648403406144
uix2opot,transfer-clique-path-nsd-general-norm-stalk3-h200-fdim5-dist4-size6-seed43,finished,graph-transfer-paper-classical-vs-sheaf-runpod,2026-06-03T18:01:35Z,https://wandb.ai/luigifracassetti-universit-degli-studi-di-milano-bicocca/on-oversquashing-transfer-RunPod/runs/uix2opot,LOLLIPOP,nsd,6,4,200,3,general,True,True,128,100,43,False,5,5,5,5000,500,nsd-general-norm-stalk3-h200,clique-path,24.6,2,1.6076252460479736,0.246,1.6076252460479736,17.4,0,1.6114323139190674,0.174,1.6114323139190674,0.174,1.6114323139190674,0.2095703125,1.609335246682167
96n4go8q,transfer-clique-path-nsd-general-norm-stalk3-h200-fdim5-dist6-size10-seed43,finished,graph-transfer-paper-classical-vs-sheaf-runpod,2026-06-03T18:39:33Z,https://wandb.ai/luigifracassetti-universit-degli-studi-di-milano-bicocca/on-oversquashing-transfer-RunPod/runs/96n4go8q,LOLLIPOP,nsd,10,6,200,3,general,True,True,128,100,43,False,5,5,5,5000,500,nsd-general-norm-stalk3-h200,clique-path,24.6,11,1.6067625284194946,0.246,1.6067625284194946,17.4,0,1.611142873764038,0.174,1.611142873764038,0.174,1.611142873764038,0.2037109375,1.6093711405992508
m5yeyxur,transfer-clique-path-nsd-general-norm-stalk3-h200-fdim5-dist11-size20-seed43,finished,graph-transfer-paper-classical-vs-sheaf-runpod,2026-06-03T20:11:13Z,https://wandb.ai/luigifracassetti-universit-degli-studi-di-milano-bicocca/on-oversquashing-transfer-RunPod/runs/m5yeyxur,LOLLIPOP,nsd,20,11,200,3,general,True,True,128,100,43,False,5,5,5,5000,500,nsd-general-norm-stalk3-h200,clique-path,24.6,8,1.6083441972732544,0.246,1.6083441972732544,18.4,0,1.6111682653427124,0.184,1.6111682653427124,0.184,1.6111682653427124,0.19765625,1.6094740867614743
vdl88lfw,transfer-clique-path-nsd-general-norm-stalk3-h200-fdim5-dist16-size30-seed43,finished,graph-transfer-paper-classical-vs-sheaf-runpod,2026-06-03T22:56:25Z,https://wandb.ai/luigifracassetti-universit-degli-studi-di-milano-bicocca/on-oversquashing-transfer-RunPod/runs/vdl88lfw,LOLLIPOP,nsd,30,16,200,3,general,True,True,128,100,43,False,5,5,5,5000,500,nsd-general-norm-stalk3-h200,clique-path,24.6,35,1.6094216108322144,0.246,1.6094216108322144,17.4,0,1.6109883785247805,0.174,1.6109883785247805,0.174,1.6109883785247805,0.2037109375,1.609363940358162
dv9l3x32,transfer-clique-path-nsd-general-norm-stalk3-h50-fdim5-dist2-size2-seed43,finished,graph-transfer-paper-classical-vs-sheaf-runpod,2026-06-03T17:51:54Z,https://wandb.ai/luigifracassetti-universit-degli-studi-di-milano-bicocca/on-oversquashing-transfer-RunPod/runs/dv9l3x32,LOLLIPOP,nsd,2,2,50,3,general,True,True,128,100,43,False,5,5,5,5000,500,nsd-general-norm-stalk3-h50,clique-path,100.0,0,1.0346183776855469,1.0,1.0346183776855469,100.0,0,1.0346183776855469,1.0,1.0346183776855469,1.0,1.0346183776855469,0.94765625,1.2954524636268616
nmg8rclv,transfer-clique-path-nsd-general-norm-stalk3-h50-fdim5-dist4-size6-seed43,finished,graph-transfer-paper-classical-vs-sheaf-runpod,2026-06-03T18:00:52Z,https://wandb.ai/luigifracassetti-universit-degli-studi-di-milano-bicocca/on-oversquashing-transfer-RunPod/runs/nmg8rclv,LOLLIPOP,nsd,6,4,50,3,general,True,True,128,100,43,False,5,5,5,5000,500,nsd-general-norm-stalk3-h50,clique-path,100.0,3,0.7029445767402649,1.0,0.7029445767402649,100.0,0,0.7029445767402649,1.0,0.7029445767402649,1.0,0.7029445767402649,0.8900390625,0.8484401851892471
ko6tgo3a,transfer-clique-path-nsd-general-norm-stalk3-h50-fdim5-dist6-size10-seed43,finished,graph-transfer-paper-classical-vs-sheaf-runpod,2026-06-03T18:35:53Z,https://wandb.ai/luigifracassetti-universit-degli-studi-di-milano-bicocca/on-oversquashing-transfer-RunPod/runs/ko6tgo3a,LOLLIPOP,nsd,10,6,50,3,general,True,True,128,100,43,False,5,5,5,5000,500,nsd-general-norm-stalk3-h50,clique-path,24.6,1,1.605304718017578,0.246,1.605304718017578,17.4,0,1.6113513708114624,0.174,1.6113513708114624,0.174,1.6113513708114624,0.2095703125,1.609163227677345
7uhnwi6k,transfer-clique-path-nsd-general-norm-stalk3-h50-fdim5-dist11-size20-seed43,finished,graph-transfer-paper-classical-vs-sheaf-runpod,2026-06-03T20:04:48Z,https://wandb.ai/luigifracassetti-universit-degli-studi-di-milano-bicocca/on-oversquashing-transfer-RunPod/runs/7uhnwi6k,LOLLIPOP,nsd,20,11,50,3,general,True,True,128,100,43,False,5,5,5,5000,500,nsd-general-norm-stalk3-h50,clique-path,21.2,0,1.6123875379562378,0.212,1.6123875379562378,18.4,0,1.6111841201782229,0.184,1.6111841201782229,0.184,1.6111841201782229,0.208203125,1.6093646258115768
wg02t4ry,transfer-clique-path-nsd-general-norm-stalk3-h50-fdim5-dist16-size30-seed43,finished,graph-transfer-paper-classical-vs-sheaf-runpod,2026-06-03T22:41:29Z,https://wandb.ai/luigifracassetti-universit-degli-studi-di-milano-bicocca/on-oversquashing-transfer-RunPod/runs/wg02t4ry,LOLLIPOP,nsd,30,16,50,3,general,True,True,128,100,43,False,5,5,5,5000,500,nsd-general-norm-stalk3-h50,clique-path,24.6,2,1.6068220138549805,0.246,1.6068220138549805,17.4,0,1.6116513013839722,0.174,1.6116513013839722,0.174,1.6116513013839722,0.20625,1.609446942806244
0mppv9li,transfer-clique-path-nsd-general-norm-stalk5-h10-fdim5-dist2-size2-seed43,finished,graph-transfer-paper-classical-vs-sheaf-runpod,2026-06-03T17:52:15Z,https://wandb.ai/luigifracassetti-universit-degli-studi-di-milano-bicocca/on-oversquashing-transfer-RunPod/runs/0mppv9li,LOLLIPOP,nsd,2,2,10,5,general,True,True,128,100,43,False,5,5,5,5000,500,nsd-general-norm-stalk5-h10,clique-path,100.0,0,1.245977520942688,1.0,1.245977520942688,100.0,0,1.245977520942688,1.0,1.245977520942688,1.0,1.245977520942688,0.7849609375,1.4194521725177764
2uk3o2vs,transfer-clique-path-nsd-general-norm-stalk5-h10-fdim5-dist4-size6-seed43,finished,graph-transfer-paper-classical-vs-sheaf-runpod,2026-06-03T18:02:01Z,https://wandb.ai/luigifracassetti-universit-degli-studi-di-milano-bicocca/on-oversquashing-transfer-RunPod/runs/2uk3o2vs,LOLLIPOP,nsd,6,4,10,5,general,True,True,128,100,43,False,5,5,5,5000,500,nsd-general-norm-stalk5-h10,clique-path,100.0,2,0.9071553945541382,1.0,0.9071553945541382,100.0,0,0.9071553945541382,1.0,0.9071553945541382,1.0,0.9071553945541382,0.933984375,1.029347932338715
ggzniq06,transfer-clique-path-nsd-general-norm-stalk5-h10-fdim5-dist6-size10-seed43,finished,graph-transfer-paper-classical-vs-sheaf-runpod,2026-06-03T18:40:44Z,https://wandb.ai/luigifracassetti-universit-degli-studi-di-milano-bicocca/on-oversquashing-transfer-RunPod/runs/ggzniq06,LOLLIPOP,nsd,10,6,10,5,general,True,True,128,100,43,False,5,5,5,5000,500,nsd-general-norm-stalk5-h10,clique-path,100.0,19,0.4386295676231384,1.0,0.4386295676231384,100.0,0,0.4386295676231384,1.0,0.4386295676231384,1.0,0.4386295676231384,0.972265625,0.4815806791186333
5h2i8p1z,transfer-clique-path-nsd-general-norm-stalk5-h10-fdim5-dist11-size20-seed43,finished,graph-transfer-paper-classical-vs-sheaf-runpod,2026-06-03T20:14:58Z,https://wandb.ai/luigifracassetti-universit-degli-studi-di-milano-bicocca/on-oversquashing-transfer-RunPod/runs/5h2i8p1z,LOLLIPOP,nsd,20,11,10,5,general,True,True,128,100,43,False,5,5,5,5000,500,nsd-general-norm-stalk5-h10,clique-path,24.6,2,1.6099213361740112,0.246,1.6099213361740112,18.4,0,1.6110402345657349,0.184,1.6110402345657349,0.184,1.6110402345657349,0.1998046875,1.6093672901391982
zjuq4ogh,transfer-clique-path-nsd-general-norm-stalk5-h10-fdim5-dist16-size30-seed43,finished,graph-transfer-paper-classical-vs-sheaf-runpod,2026-06-03T23:09:48Z,https://wandb.ai/luigifracassetti-universit-degli-studi-di-milano-bicocca/on-oversquashing-transfer-RunPod/runs/zjuq4ogh,LOLLIPOP,nsd,30,16,10,5,general,True,True,128,100,43,False,5,5,5,5000,500,nsd-general-norm-stalk5-h10,clique-path,24.6,1,1.6075612306594849,0.246,1.6075612306594849,17.4,0,1.6109462976455688,0.174,1.6109462976455688,0.174,1.6109462976455688,0.20078125,1.609444147348404
qcalxh2y,transfer-clique-path-nsd-general-norm-stalk5-h100-fdim5-dist2-size2-seed43,finished,graph-transfer-paper-classical-vs-sheaf-runpod,2026-06-03T17:52:27Z,https://wandb.ai/luigifracassetti-universit-degli-studi-di-milano-bicocca/on-oversquashing-transfer-RunPod/runs/qcalxh2y,LOLLIPOP,nsd,2,2,100,5,general,True,True,128,100,43,False,5,5,5,5000,500,nsd-general-norm-stalk5-h100,clique-path,100.0,0,0.8337109088897705,1.0,0.8337109088897705,100.0,0,0.8337109088897705,1.0,0.8337109088897705,1.0,0.8337109088897705,0.9599609375,1.1950477004051208
4r92y7r5,transfer-clique-path-nsd-general-norm-stalk5-h100-fdim5-dist4-size6-seed43,finished,graph-transfer-paper-classical-vs-sheaf-runpod,2026-06-03T18:02:43Z,https://wandb.ai/luigifracassetti-universit-degli-studi-di-milano-bicocca/on-oversquashing-transfer-RunPod/runs/4r92y7r5,LOLLIPOP,nsd,6,4,100,5,general,True,True,128,100,43,False,5,5,5,5000,500,nsd-general-norm-stalk5-h100,clique-path,100.0,4,0.4744519591331482,1.0,0.4744519591331482,100.0,0,0.4744519591331482,1.0,0.4744519591331482,1.0,0.4744519591331482,0.9162109375,0.5952210329473019
o5uvadf7,transfer-clique-path-nsd-general-norm-stalk5-h100-fdim5-dist6-size10-seed43,finished,graph-transfer-paper-classical-vs-sheaf-runpod,2026-06-03T18:43:26Z,https://wandb.ai/luigifracassetti-universit-degli-studi-di-milano-bicocca/on-oversquashing-transfer-RunPod/runs/o5uvadf7,LOLLIPOP,nsd,10,6,100,5,general,True,True,128,100,43,False,5,5,5,5000,500,nsd-general-norm-stalk5-h100,clique-path,21.2,1,1.611738920211792,0.212,1.611738920211792,17.4,0,1.610979437828064,0.174,1.610979437828064,0.174,1.610979437828064,0.20078125,1.6093064606189729
oq4qmjep,transfer-clique-path-nsd-general-norm-stalk5-h100-fdim5-dist11-size20-seed43,finished,graph-transfer-paper-classical-vs-sheaf-runpod,2026-06-03T20:21:48Z,https://wandb.ai/luigifracassetti-universit-degli-studi-di-milano-bicocca/on-oversquashing-transfer-RunPod/runs/oq4qmjep,LOLLIPOP,nsd,20,11,100,5,general,True,True,128,100,43,False,5,5,5,5000,500,nsd-general-norm-stalk5-h100,clique-path,24.6,0,1.6058813333511353,0.246,1.6058813333511353,18.4,0,1.61138916015625,0.184,1.61138916015625,0.184,1.61138916015625,0.203125,1.6093391925096512
egacgf70,transfer-clique-path-nsd-general-norm-stalk5-h100-fdim5-dist16-size30-seed43,finished,graph-transfer-paper-classical-vs-sheaf-runpod,2026-06-03T23:27:30Z,https://wandb.ai/luigifracassetti-universit-degli-studi-di-milano-bicocca/on-oversquashing-transfer-RunPod/runs/egacgf70,LOLLIPOP,nsd,30,16,100,5,general,True,True,128,100,43,False,5,5,5,5000,500,nsd-general-norm-stalk5-h100,clique-path,24.6,5,1.607691764831543,0.246,1.607691764831543,17.4,0,1.611312747001648,0.174,1.611312747001648,0.174,1.611312747001648,0.20078125,1.6094486236572263
ywaigydd,transfer-clique-path-nsd-general-norm-stalk5-h200-fdim5-dist2-size2-seed43,finished,graph-transfer-paper-classical-vs-sheaf-runpod,2026-06-03T17:52:29Z,https://wandb.ai/luigifracassetti-universit-degli-studi-di-milano-bicocca/on-oversquashing-transfer-RunPod/runs/ywaigydd,LOLLIPOP,nsd,2,2,200,5,general,True,True,128,100,43,False,5,5,5,5000,500,nsd-general-norm-stalk5-h200,clique-path,100.0,0,0.6330225467681885,1.0,0.6330225467681885,100.0,0,0.6330225467681885,1.0,0.6330225467681885,1.0,0.6330225467681885,0.953125,1.0786380916833878
mpjythlt,transfer-clique-path-nsd-general-norm-stalk5-h200-fdim5-dist4-size6-seed43,finished,graph-transfer-paper-classical-vs-sheaf-runpod,2026-06-03T18:03:04Z,https://wandb.ai/luigifracassetti-universit-degli-studi-di-milano-bicocca/on-oversquashing-transfer-RunPod/runs/mpjythlt,LOLLIPOP,nsd,6,4,200,5,general,True,True,128,100,43,False,5,5,5,5000,500,nsd-general-norm-stalk5-h200,clique-path,24.6,6,1.6072455644607544,0.246,1.6072455644607544,17.4,0,1.6113876104354858,0.174,1.6113876104354858,0.174,1.6113876104354858,0.2037109375,1.6093163937330246
a2nvoto3,transfer-clique-path-nsd-general-norm-stalk5-h200-fdim5-dist6-size10-seed43,finished,graph-transfer-paper-classical-vs-sheaf-runpod,2026-06-03T18:45:34Z,https://wandb.ai/luigifracassetti-universit-degli-studi-di-milano-bicocca/on-oversquashing-transfer-RunPod/runs/a2nvoto3,LOLLIPOP,nsd,10,6,200,5,general,True,True,128,100,43,False,5,5,5,5000,500,nsd-general-norm-stalk5-h200,clique-path,24.6,3,1.6083276271820068,0.246,1.6083276271820068,17.4,0,1.6112689971923828,0.174,1.6112689971923828,0.174,1.6112689971923828,0.20078125,1.609529694914818
ey7zbvva,transfer-clique-path-nsd-general-norm-stalk5-h200-fdim5-dist11-size20-seed43,finished,graph-transfer-paper-classical-vs-sheaf-runpod,2026-06-03T20:25:08Z,https://wandb.ai/luigifracassetti-universit-degli-studi-di-milano-bicocca/on-oversquashing-transfer-RunPod/runs/ey7zbvva,LOLLIPOP,nsd,20,11,200,5,general,True,True,128,100,43,False,5,5,5,5000,500,nsd-general-norm-stalk5-h200,clique-path,24.6,10,1.6072012186050415,0.246,1.6072012186050415,17.4,0,1.6115398406982422,0.174,1.6115398406982422,0.174,1.6115398406982422,0.1978515625,1.6094523996114731
r58n37dm,transfer-clique-path-nsd-general-norm-stalk5-h200-fdim5-dist16-size30-seed43,finished,graph-transfer-paper-classical-vs-sheaf-runpod,2026-06-03T23:35:35Z,https://wandb.ai/luigifracassetti-universit-degli-studi-di-milano-bicocca/on-oversquashing-transfer-RunPod/runs/r58n37dm,LOLLIPOP,nsd,30,16,200,5,general,True,True,128,100,43,False,5,5,5,5000,500,nsd-general-norm-stalk5-h200,clique-path,24.6,10,1.6071429252624512,0.246,1.6071429252624512,17.4,0,1.6115634441375732,0.174,1.6115634441375732,0.174,1.6115634441375732,0.2041015625,1.6095584362745283
tymgv6pr,transfer-clique-path-nsd-general-norm-stalk5-h50-fdim5-dist2-size2-seed43,finished,graph-transfer-paper-classical-vs-sheaf-runpod,2026-06-03T17:52:18Z,https://wandb.ai/luigifracassetti-universit-degli-studi-di-milano-bicocca/on-oversquashing-transfer-RunPod/runs/tymgv6pr,LOLLIPOP,nsd,2,2,50,5,general,True,True,128,100,43,False,5,5,5,5000,500,nsd-general-norm-stalk5-h50,clique-path,100.0,0,0.9707671999931335,1.0,0.9707671999931335,100.0,0,0.9707671999931335,1.0,0.9707671999931335,1.0,0.9707671999931335,0.9583984375,1.2510845452547072
kxvhp5br,transfer-clique-path-nsd-general-norm-stalk5-h50-fdim5-dist4-size6-seed43,finished,graph-transfer-paper-classical-vs-sheaf-runpod,2026-06-03T18:02:23Z,https://wandb.ai/luigifracassetti-universit-degli-studi-di-milano-bicocca/on-oversquashing-transfer-RunPod/runs/kxvhp5br,LOLLIPOP,nsd,6,4,50,5,general,True,True,128,100,43,False,5,5,5,5000,500,nsd-general-norm-stalk5-h50,clique-path,100.0,4,0.6201708912849426,1.0,0.6201708912849426,100.0,0,0.6201708912849426,1.0,0.6201708912849426,1.0,0.6201708912849426,0.940625,0.8266409382224083
kxkvrlkd,transfer-clique-path-nsd-general-norm-stalk5-h50-fdim5-dist6-size10-seed43,finished,graph-transfer-paper-classical-vs-sheaf-runpod,2026-06-03T18:41:43Z,https://wandb.ai/luigifracassetti-universit-degli-studi-di-milano-bicocca/on-oversquashing-transfer-RunPod/runs/kxkvrlkd,LOLLIPOP,nsd,10,6,50,5,general,True,True,128,100,43,False,5,5,5,5000,500,nsd-general-norm-stalk5-h50,clique-path,24.6,19,1.6089462041854858,0.246,1.6089462041854858,17.4,0,1.6114367246627808,0.174,1.6114367246627808,0.174,1.6114367246627808,0.1978515625,1.6094676166772843
4kr58zj4,transfer-clique-path-nsd-general-norm-stalk5-h50-fdim5-dist11-size20-seed43,finished,graph-transfer-paper-classical-vs-sheaf-runpod,2026-06-03T20:17:01Z,https://wandb.ai/luigifracassetti-universit-degli-studi-di-milano-bicocca/on-oversquashing-transfer-RunPod/runs/4kr58zj4,LOLLIPOP,nsd,20,11,50,5,general,True,True,128,100,43,False,5,5,5,5000,500,nsd-general-norm-stalk5-h50,clique-path,24.6,5,1.6082826852798462,0.246,1.6082826852798462,17.4,0,1.6115517616271973,0.174,1.6115517616271973,0.174,1.6115517616271973,0.20078125,1.6092369884252549
f5xzy5o8,transfer-clique-path-nsd-general-norm-stalk5-h50-fdim5-dist16-size30-seed43,finished,graph-transfer-paper-classical-vs-sheaf-runpod,2026-06-03T23:13:40Z,https://wandb.ai/luigifracassetti-universit-degli-studi-di-milano-bicocca/on-oversquashing-transfer-RunPod/runs/f5xzy5o8,LOLLIPOP,nsd,30,16,50,5,general,True,True,128,100,43,False,5,5,5,5000,500,nsd-general-norm-stalk5-h50,clique-path,21.2,3,1.60948383808136,0.212,1.60948383808136,17.4,0,1.6113454103469849,0.174,1.6113454103469849,0.174,1.6113454103469849,0.189453125,1.6093951284885406
tl5vm3nc,transfer-clique-path-nsd-orthogonal-nonnorm-noattn-stalk1-h10-fdim5-dist2-size2-seed43,finished,graph-transfer-paper-classical-vs-sheaf-runpod,2026-06-03T17:51:23Z,https://wandb.ai/luigifracassetti-universit-degli-studi-di-milano-bicocca/on-oversquashing-transfer-RunPod/runs/tl5vm3nc,LOLLIPOP,nsd,2,2,10,1,orthogonal,False,False,128,100,43,False,5,5,5,5000,500,nsd-orthogonal-nonnorm-noattn-stalk1-h10,clique-path,100.0,3,0.44645893573760986,1.0,0.44645893573760986,100.0,0,0.44645893573760986,1.0,0.44645893573760986,1.0,0.44645893573760986,0.92265625,0.6372967161238193
rd0ueghn,transfer-clique-path-nsd-orthogonal-nonnorm-noattn-stalk1-h10-fdim5-dist4-size6-seed43,finished,graph-transfer-paper-classical-vs-sheaf-runpod,2026-06-03T17:57:10Z,https://wandb.ai/luigifracassetti-universit-degli-studi-di-milano-bicocca/on-oversquashing-transfer-RunPod/runs/rd0ueghn,LOLLIPOP,nsd,6,4,10,1,orthogonal,False,False,128,100,43,False,5,5,5,5000,500,nsd-orthogonal-nonnorm-noattn-stalk1-h10,clique-path,18.4,0,1.6128299236297607,0.184,1.6128299236297607,17.4,0,1.6115436553955078,0.174,1.6115436553955078,0.174,1.6115436553955078,0.1978515625,1.6096693605184555
071me9ey,transfer-clique-path-nsd-orthogonal-nonnorm-noattn-stalk1-h10-fdim5-dist6-size10-seed43,finished,graph-transfer-paper-classical-vs-sheaf-runpod,2026-06-03T18:27:06Z,https://wandb.ai/luigifracassetti-universit-degli-studi-di-milano-bicocca/on-oversquashing-transfer-RunPod/runs/071me9ey,LOLLIPOP,nsd,10,6,10,1,orthogonal,False,False,128,100,43,False,5,5,5,5000,500,nsd-orthogonal-nonnorm-noattn-stalk1-h10,clique-path,24.6,0,1.606326460838318,0.246,1.606326460838318,17.4,0,1.6110950708389282,0.174,1.6110950708389282,0.174,1.6110950708389282,0.2037109375,1.609408864378929
hi0qca7z,transfer-clique-path-nsd-orthogonal-nonnorm-noattn-stalk1-h10-fdim5-dist11-size20-seed43,finished,graph-transfer-paper-classical-vs-sheaf-runpod,2026-06-03T19:51:28Z,https://wandb.ai/luigifracassetti-universit-degli-studi-di-milano-bicocca/on-oversquashing-transfer-RunPod/runs/hi0qca7z,LOLLIPOP,nsd,20,11,10,1,orthogonal,False,False,128,100,43,False,5,5,5,5000,500,nsd-orthogonal-nonnorm-noattn-stalk1-h10,clique-path,24.6,19,1.6080529689788818,0.246,1.6080529689788818,17.4,0,1.6111925840377808,0.174,1.6111925840377808,0.174,1.6111925840377808,0.1978515625,1.6093215763568878
d8ugyy55,transfer-clique-path-nsd-orthogonal-nonnorm-noattn-stalk1-h10-fdim5-dist16-size30-seed43,finished,graph-transfer-paper-classical-vs-sheaf-runpod,2026-06-03T22:19:36Z,https://wandb.ai/luigifracassetti-universit-degli-studi-di-milano-bicocca/on-oversquashing-transfer-RunPod/runs/d8ugyy55,LOLLIPOP,nsd,30,16,10,1,orthogonal,False,False,128,100,43,False,5,5,5,5000,500,nsd-orthogonal-nonnorm-noattn-stalk1-h10,clique-path,24.6,0,1.604284167289734,0.246,1.604284167289734,17.4,0,1.611292839050293,0.174,1.611292839050293,0.174,1.611292839050293,0.2095703125,1.6091384172439576
rd9ziflk,transfer-clique-path-nsd-orthogonal-nonnorm-noattn-stalk1-h100-fdim5-dist2-size2-seed43,finished,graph-transfer-paper-classical-vs-sheaf-runpod,2026-06-03T17:51:37Z,https://wandb.ai/luigifracassetti-universit-degli-studi-di-milano-bicocca/on-oversquashing-transfer-RunPod/runs/rd9ziflk,LOLLIPOP,nsd,2,2,100,1,orthogonal,False,False,128,100,43,False,5,5,5,5000,500,nsd-orthogonal-nonnorm-noattn-stalk1-h100,clique-path,100.0,0,0.0681113451719284,1.0,0.0681113451719284,100.0,0,0.0681113451719284,1.0,0.0681113451719284,1.0,0.0681113451719284,0.93984375,0.7026092065498233
r9zi8kyf,transfer-clique-path-nsd-orthogonal-nonnorm-noattn-stalk1-h100-fdim5-dist4-size6-seed43,finished,graph-transfer-paper-classical-vs-sheaf-runpod,2026-06-03T17:57:54Z,https://wandb.ai/luigifracassetti-universit-degli-studi-di-milano-bicocca/on-oversquashing-transfer-RunPod/runs/r9zi8kyf,LOLLIPOP,nsd,6,4,100,1,orthogonal,False,False,128,100,43,False,5,5,5,5000,500,nsd-orthogonal-nonnorm-noattn-stalk1-h100,clique-path,100.0,10,0.1996275931596756,1.0,0.1996275931596756,100.0,0,0.1996275931596756,1.0,0.1996275931596756,1.0,0.1996275931596756,0.8443359375,0.758503457903862
7ap4rxuc,transfer-clique-path-nsd-orthogonal-nonnorm-noattn-stalk1-h100-fdim5-dist6-size10-seed43,finished,graph-transfer-paper-classical-vs-sheaf-runpod,2026-06-03T18:30:42Z,https://wandb.ai/luigifracassetti-universit-degli-studi-di-milano-bicocca/on-oversquashing-transfer-RunPod/runs/7ap4rxuc,LOLLIPOP,nsd,10,6,100,1,orthogonal,False,False,128,100,43,False,5,5,5,5000,500,nsd-orthogonal-nonnorm-noattn-stalk1-h100,clique-path,24.6,14,1.604921579360962,0.246,1.604921579360962,17.4,0,1.6119060516357422,0.174,1.6119060516357422,0.174,1.6119060516357422,0.2037109375,1.6095242917537689
5w8zkyfr,transfer-clique-path-nsd-orthogonal-nonnorm-noattn-stalk1-h100-fdim5-dist11-size20-seed43,finished,graph-transfer-paper-classical-vs-sheaf-runpod,2026-06-03T19:55:44Z,https://wandb.ai/luigifracassetti-universit-degli-studi-di-milano-bicocca/on-oversquashing-transfer-RunPod/runs/5w8zkyfr,LOLLIPOP,nsd,20,11,100,1,orthogonal,False,False,128,100,43,False,5,5,5,5000,500,nsd-orthogonal-nonnorm-noattn-stalk1-h100,clique-path,24.6,6,1.626323938369751,0.246,1.626323938369751,18.4,0,1.6106793880462646,0.184,1.6106793880462646,0.184,1.6106793880462646,0.1990234375,1.6094468116760254
z2y2n9gt,transfer-clique-path-nsd-orthogonal-nonnorm-noattn-stalk1-h100-fdim5-dist16-size30-seed43,finished,graph-transfer-paper-classical-vs-sheaf-runpod,2026-06-03T22:26:08Z,https://wandb.ai/luigifracassetti-universit-degli-studi-di-milano-bicocca/on-oversquashing-transfer-RunPod/runs/z2y2n9gt,LOLLIPOP,nsd,30,16,100,1,orthogonal,False,False,128,100,43,False,5,5,5,5000,500,nsd-orthogonal-nonnorm-noattn-stalk1-h100,clique-path,24.6,0,1.6181410551071167,0.246,1.6181410551071167,18.4,0,1.6107311248779297,0.184,1.6107311248779297,0.184,1.6107311248779297,0.2099609375,1.609477299451828
lm3aotcu,transfer-clique-path-nsd-orthogonal-nonnorm-noattn-stalk1-h200-fdim5-dist2-size2-seed43,finished,graph-transfer-paper-classical-vs-sheaf-runpod,2026-06-03T17:51:41Z,https://wandb.ai/luigifracassetti-universit-degli-studi-di-milano-bicocca/on-oversquashing-transfer-RunPod/runs/lm3aotcu,LOLLIPOP,nsd,2,2,200,1,orthogonal,False,False,128,100,43,False,5,5,5,5000,500,nsd-orthogonal-nonnorm-noattn-stalk1-h200,clique-path,100.0,0,0.0013409447856247425,1.0,0.0013409447856247425,100.0,0,0.0013409447856247425,1.0,0.0013409447856247425,1.0,0.0013409447856247425,0.9755859375,0.20856826823728625
ou8mpya7,transfer-clique-path-nsd-orthogonal-nonnorm-noattn-stalk1-h200-fdim5-dist4-size6-seed43,finished,graph-transfer-paper-classical-vs-sheaf-runpod,2026-06-03T17:58:23Z,https://wandb.ai/luigifracassetti-universit-degli-studi-di-milano-bicocca/on-oversquashing-transfer-RunPod/runs/ou8mpya7,LOLLIPOP,nsd,6,4,200,1,orthogonal,False,False,128,100,43,False,5,5,5,5000,500,nsd-orthogonal-nonnorm-noattn-stalk1-h200,clique-path,100.0,8,0.22375062108039856,1.0,0.22375062108039856,100.0,0,0.22375062108039856,1.0,0.22375062108039856,1.0,0.22375062108039856,0.8572265625,0.6589390985667706
slztax3g,transfer-clique-path-nsd-orthogonal-nonnorm-noattn-stalk1-h200-fdim5-dist6-size10-seed43,finished,graph-transfer-paper-classical-vs-sheaf-runpod,2026-06-03T18:32:13Z,https://wandb.ai/luigifracassetti-universit-degli-studi-di-milano-bicocca/on-oversquashing-transfer-RunPod/runs/slztax3g,LOLLIPOP,nsd,10,6,200,1,orthogonal,False,False,128,100,43,False,5,5,5,5000,500,nsd-orthogonal-nonnorm-noattn-stalk1-h200,clique-path,24.6,0,1.6144514083862305,0.246,1.6144514083862305,18.4,0,1.6116008758544922,0.184,1.6116008758544922,0.184,1.6116008758544922,0.1935546875,1.6097243487834931
ylw9gh7k,transfer-clique-path-nsd-orthogonal-nonnorm-noattn-stalk1-h200-fdim5-dist11-size20-seed43,finished,graph-transfer-paper-classical-vs-sheaf-runpod,2026-06-03T19:56:54Z,https://wandb.ai/luigifracassetti-universit-degli-studi-di-milano-bicocca/on-oversquashing-transfer-RunPod/runs/ylw9gh7k,LOLLIPOP,nsd,20,11,200,1,orthogonal,False,False,128,100,43,False,5,5,5,5000,500,nsd-orthogonal-nonnorm-noattn-stalk1-h200,clique-path,24.6,6,1.6068123579025269,0.246,1.6068123579025269,17.4,0,1.61202871799469,0.174,1.61202871799469,0.174,1.61202871799469,0.2029296875,1.6095641762018205
fvkjdnik,transfer-clique-path-nsd-orthogonal-nonnorm-noattn-stalk1-h200-fdim5-dist16-size30-seed43,finished,graph-transfer-paper-classical-vs-sheaf-runpod,2026-06-03T22:29:54Z,https://wandb.ai/luigifracassetti-universit-degli-studi-di-milano-bicocca/on-oversquashing-transfer-RunPod/runs/fvkjdnik,LOLLIPOP,nsd,30,16,200,1,orthogonal,False,False,128,100,43,False,5,5,5,5000,500,nsd-orthogonal-nonnorm-noattn-stalk1-h200,clique-path,24.6,0,1.797885775566101,0.246,1.797885775566101,18.4,0,1.6122795343399048,0.184,1.6122795343399048,0.184,1.6122795343399048,0.19609375,1.6105199187994004
o75oevq7,transfer-clique-path-nsd-orthogonal-nonnorm-noattn-stalk1-h50-fdim5-dist2-size2-seed43,finished,graph-transfer-paper-classical-vs-sheaf-runpod,2026-06-03T17:51:27Z,https://wandb.ai/luigifracassetti-universit-degli-studi-di-milano-bicocca/on-oversquashing-transfer-RunPod/runs/o75oevq7,LOLLIPOP,nsd,2,2,50,1,orthogonal,False,False,128,100,43,False,5,5,5,5000,500,nsd-orthogonal-nonnorm-noattn-stalk1-h50,clique-path,100.0,0,0.18463879823684692,1.0,0.18463879823684692,100.0,0,0.18463879823684692,1.0,0.18463879823684692,1.0,0.18463879823684692,0.8662109375,0.8015937972813845
1ypcl84f,transfer-clique-path-nsd-orthogonal-nonnorm-noattn-stalk1-h50-fdim5-dist4-size6-seed43,finished,graph-transfer-paper-classical-vs-sheaf-runpod,2026-06-03T17:57:20Z,https://wandb.ai/luigifracassetti-universit-degli-studi-di-milano-bicocca/on-oversquashing-transfer-RunPod/runs/1ypcl84f,LOLLIPOP,nsd,6,4,50,1,orthogonal,False,False,128,100,43,False,5,5,5,5000,500,nsd-orthogonal-nonnorm-noattn-stalk1-h50,clique-path,100.0,24,0.4584214687347412,1.0,0.4584214687347412,100.0,0,0.4584214687347412,1.0,0.4584214687347412,1.0,0.4584214687347412,0.9083984375,0.5771095961332321
o5c99esa,transfer-clique-path-nsd-orthogonal-nonnorm-noattn-stalk1-h50-fdim5-dist6-size10-seed43,finished,graph-transfer-paper-classical-vs-sheaf-runpod,2026-06-03T18:28:36Z,https://wandb.ai/luigifracassetti-universit-degli-studi-di-milano-bicocca/on-oversquashing-transfer-RunPod/runs/o5c99esa,LOLLIPOP,nsd,10,6,50,1,orthogonal,False,False,128,100,43,False,5,5,5,5000,500,nsd-orthogonal-nonnorm-noattn-stalk1-h50,clique-path,24.6,4,1.602619767189026,0.246,1.602619767189026,18.4,0,1.6114026308059692,0.184,1.6114026308059692,0.184,1.6114026308059692,0.1982421875,1.609363502264023
d1azlqpg,transfer-clique-path-nsd-orthogonal-nonnorm-noattn-stalk1-h50-fdim5-dist11-size20-seed43,finished,graph-transfer-paper-classical-vs-sheaf-runpod,2026-06-03T19:52:43Z,https://wandb.ai/luigifracassetti-universit-degli-studi-di-milano-bicocca/on-oversquashing-transfer-RunPod/runs/d1azlqpg,LOLLIPOP,nsd,20,11,50,1,orthogonal,False,False,128,100,43,False,5,5,5,5000,500,nsd-orthogonal-nonnorm-noattn-stalk1-h50,clique-path,24.6,8,1.6035228967666626,0.246,1.6035228967666626,17.4,0,1.612319827079773,0.174,1.612319827079773,0.174,1.612319827079773,0.2017578125,1.60956452190876
vqflejvg,transfer-clique-path-nsd-orthogonal-nonnorm-noattn-stalk1-h50-fdim5-dist16-size30-seed43,finished,graph-transfer-paper-classical-vs-sheaf-runpod,2026-06-03T22:22:29Z,https://wandb.ai/luigifracassetti-universit-degli-studi-di-milano-bicocca/on-oversquashing-transfer-RunPod/runs/vqflejvg,LOLLIPOP,nsd,30,16,50,1,orthogonal,False,False,128,100,43,False,5,5,5,5000,500,nsd-orthogonal-nonnorm-noattn-stalk1-h50,clique-path,24.6,0,1.6032509803771973,0.246,1.6032509803771973,17.4,0,1.61137592792511,0.174,1.61137592792511,0.174,1.61137592792511,0.2095703125,1.6093371659517288
ekvnpzvk,transfer-clique-path-nsd-orthogonal-nonnorm-noattn-stalk3-h10-fdim5-dist2-size2-seed43,finished,graph-transfer-paper-classical-vs-sheaf-runpod,2026-06-03T17:51:48Z,https://wandb.ai/luigifracassetti-universit-degli-studi-di-milano-bicocca/on-oversquashing-transfer-RunPod/runs/ekvnpzvk,LOLLIPOP,nsd,2,2,10,3,orthogonal,False,False,128,100,43,False,5,5,5,5000,500,nsd-orthogonal-nonnorm-noattn-stalk3-h10,clique-path,100.0,0,0.6407567262649536,1.0,0.6407567262649536,100.0,0,0.6407567262649536,1.0,0.6407567262649536,1.0,0.6407567262649536,0.8697265625,1.0760188937187194
jkayhs0y,transfer-clique-path-nsd-orthogonal-nonnorm-noattn-stalk3-h10-fdim5-dist4-size6-seed43,finished,graph-transfer-paper-classical-vs-sheaf-runpod,2026-06-03T18:00:15Z,https://wandb.ai/luigifracassetti-universit-degli-studi-di-milano-bicocca/on-oversquashing-transfer-RunPod/runs/jkayhs0y,LOLLIPOP,nsd,6,4,10,3,orthogonal,False,False,128,100,43,False,5,5,5,5000,500,nsd-orthogonal-nonnorm-noattn-stalk3-h10,clique-path,100.0,4,0.43382108211517334,1.0,0.43382108211517334,100.0,0,0.43382108211517334,1.0,0.43382108211517334,1.0,0.43382108211517334,0.822265625,0.4893961243331432
k8i77jom,transfer-clique-path-nsd-orthogonal-nonnorm-noattn-stalk3-h10-fdim5-dist6-size10-seed43,finished,graph-transfer-paper-classical-vs-sheaf-runpod,2026-06-03T18:34:19Z,https://wandb.ai/luigifracassetti-universit-degli-studi-di-milano-bicocca/on-oversquashing-transfer-RunPod/runs/k8i77jom,LOLLIPOP,nsd,10,6,10,3,orthogonal,False,False,128,100,43,False,5,5,5,5000,500,nsd-orthogonal-nonnorm-noattn-stalk3-h10,clique-path,100.0,13,0.13788285851478577,1.0,0.13788285851478577,100.0,0,0.13788285851478577,1.0,0.13788285851478577,1.0,0.13788285851478577,0.9900390625,0.2301072258502245
0bntwzpm,transfer-clique-path-nsd-orthogonal-nonnorm-noattn-stalk3-h10-fdim5-dist11-size20-seed43,finished,graph-transfer-paper-classical-vs-sheaf-runpod,2026-06-03T20:00:12Z,https://wandb.ai/luigifracassetti-universit-degli-studi-di-milano-bicocca/on-oversquashing-transfer-RunPod/runs/0bntwzpm,LOLLIPOP,nsd,20,11,10,3,orthogonal,False,False,128,100,43,False,5,5,5,5000,500,nsd-orthogonal-nonnorm-noattn-stalk3-h10,clique-path,24.6,0,1.6037732362747192,0.246,1.6037732362747192,17.4,0,1.6106982231140137,0.174,1.6106982231140137,0.174,1.6106982231140137,0.1978515625,1.6094095051288604
yf1u462m,transfer-clique-path-nsd-orthogonal-nonnorm-noattn-stalk3-h10-fdim5-dist16-size30-seed43,finished,graph-transfer-paper-classical-vs-sheaf-runpod,2026-06-03T22:32:05Z,https://wandb.ai/luigifracassetti-universit-degli-studi-di-milano-bicocca/on-oversquashing-transfer-RunPod/runs/yf1u462m,LOLLIPOP,nsd,30,16,10,3,orthogonal,False,False,128,100,43,False,5,5,5,5000,500,nsd-orthogonal-nonnorm-noattn-stalk3-h10,clique-path,24.6,1,1.6361314058303833,0.246,1.6361314058303833,17.4,0,1.6105819940567017,0.174,1.6105819940567017,0.174,1.6105819940567017,0.20078125,1.6095457643270492
lqytz6mp,transfer-clique-path-nsd-orthogonal-nonnorm-noattn-stalk3-h100-fdim5-dist2-size2-seed43,finished,graph-transfer-paper-classical-vs-sheaf-runpod,2026-06-03T17:51:59Z,https://wandb.ai/luigifracassetti-universit-degli-studi-di-milano-bicocca/on-oversquashing-transfer-RunPod/runs/lqytz6mp,LOLLIPOP,nsd,2,2,100,3,orthogonal,False,False,128,100,43,False,5,5,5,5000,500,nsd-orthogonal-nonnorm-noattn-stalk3-h100,clique-path,100.0,0,0.005047600716352463,1.0,0.005047600716352463,100.0,0,0.005047600716352463,1.0,0.005047600716352463,1.0,0.005047600716352463,0.958203125,0.24892587796784937
7o0ceqdc,transfer-clique-path-nsd-orthogonal-nonnorm-noattn-stalk3-h100-fdim5-dist4-size6-seed43,finished,graph-transfer-paper-classical-vs-sheaf-runpod,2026-06-03T18:01:02Z,https://wandb.ai/luigifracassetti-universit-degli-studi-di-milano-bicocca/on-oversquashing-transfer-RunPod/runs/7o0ceqdc,LOLLIPOP,nsd,6,4,100,3,orthogonal,False,False,128,100,43,False,5,5,5,5000,500,nsd-orthogonal-nonnorm-noattn-stalk3-h100,clique-path,100.0,1,0.5185069441795349,1.0,0.5185069441795349,100.0,0,0.5185069441795349,1.0,0.5185069441795349,1.0,0.5185069441795349,0.653125,0.8270748935639858
2qj18wvx,transfer-clique-path-nsd-orthogonal-nonnorm-noattn-stalk3-h100-fdim5-dist6-size10-seed43,finished,graph-transfer-paper-classical-vs-sheaf-runpod,2026-06-03T18:36:43Z,https://wandb.ai/luigifracassetti-universit-degli-studi-di-milano-bicocca/on-oversquashing-transfer-RunPod/runs/2qj18wvx,LOLLIPOP,nsd,10,6,100,3,orthogonal,False,False,128,100,43,False,5,5,5,5000,500,nsd-orthogonal-nonnorm-noattn-stalk3-h100,clique-path,100.0,74,0.32323506474494934,1.0,0.32323506474494934,100.0,0,0.32323506474494934,1.0,0.32323506474494934,1.0,0.32323506474494934,0.94296875,0.2840938698500395
mrkpkd86,transfer-clique-path-nsd-orthogonal-nonnorm-noattn-stalk3-h100-fdim5-dist11-size20-seed43,finished,graph-transfer-paper-classical-vs-sheaf-runpod,2026-06-03T20:05:16Z,https://wandb.ai/luigifracassetti-universit-degli-studi-di-milano-bicocca/on-oversquashing-transfer-RunPod/runs/mrkpkd86,LOLLIPOP,nsd,20,11,100,3,orthogonal,False,False,128,100,43,False,5,5,5,5000,500,nsd-orthogonal-nonnorm-noattn-stalk3-h100,clique-path,24.6,0,1.6462246179580688,0.246,1.6462246179580688,18.4,0,1.6101378202438354,0.184,1.6101378202438354,0.184,1.6101378202438354,0.1908203125,1.6099170625209809
w57dxmn3,transfer-clique-path-nsd-orthogonal-nonnorm-noattn-stalk3-h100-fdim5-dist16-size30-seed43,finished,graph-transfer-paper-classical-vs-sheaf-runpod,2026-06-03T22:42:15Z,https://wandb.ai/luigifracassetti-universit-degli-studi-di-milano-bicocca/on-oversquashing-transfer-RunPod/runs/w57dxmn3,LOLLIPOP,nsd,30,16,100,3,orthogonal,False,False,128,100,43,False,5,5,5,5000,500,nsd-orthogonal-nonnorm-noattn-stalk3-h100,clique-path,24.6,4,1.83722186088562,0.246,1.83722186088562,17.4,0,1.6120829582214355,0.174,1.6120829582214355,0.174,1.6120829582214355,0.205859375,1.6104320734739304
u1mu1g2x,transfer-clique-path-nsd-orthogonal-nonnorm-noattn-stalk3-h200-fdim5-dist2-size2-seed43,finished,graph-transfer-paper-classical-vs-sheaf-runpod,2026-06-03T17:52:04Z,https://wandb.ai/luigifracassetti-universit-degli-studi-di-milano-bicocca/on-oversquashing-transfer-RunPod/runs/u1mu1g2x,LOLLIPOP,nsd,2,2,200,3,orthogonal,False,False,128,100,43,False,5,5,5,5000,500,nsd-orthogonal-nonnorm-noattn-stalk3-h200,clique-path,100.0,0,0.0010763732716441154,1.0,0.0010763732716441154,100.0,0,0.0010763732716441154,1.0,0.0010763732716441154,1.0,0.0010763732716441154,0.945703125,0.2071663350361632
jedyp0gr,transfer-clique-path-nsd-orthogonal-nonnorm-noattn-stalk3-h200-fdim5-dist4-size6-seed43,finished,graph-transfer-paper-classical-vs-sheaf-runpod,2026-06-03T18:01:15Z,https://wandb.ai/luigifracassetti-universit-degli-studi-di-milano-bicocca/on-oversquashing-transfer-RunPod/runs/jedyp0gr,LOLLIPOP,nsd,6,4,200,3,orthogonal,False,False,128,100,43,False,5,5,5,5000,500,nsd-orthogonal-nonnorm-noattn-stalk3-h200,clique-path,100.0,4,0.06169677898287773,1.0,0.06169677898287773,100.0,0,0.06169677898287773,1.0,0.06169677898287773,1.0,0.06169677898287773,0.8673828125,0.46189199313521384
qp63223y,transfer-clique-path-nsd-orthogonal-nonnorm-noattn-stalk3-h200-fdim5-dist6-size10-seed43,finished,graph-transfer-paper-classical-vs-sheaf-runpod,2026-06-03T18:38:41Z,https://wandb.ai/luigifracassetti-universit-degli-studi-di-milano-bicocca/on-oversquashing-transfer-RunPod/runs/qp63223y,LOLLIPOP,nsd,10,6,200,3,orthogonal,False,False,128,100,43,False,5,5,5,5000,500,nsd-orthogonal-nonnorm-noattn-stalk3-h200,clique-path,24.6,3,1.7412421703338623,0.246,1.7412421703338623,17.4,0,1.611996054649353,0.174,1.611996054649353,0.174,1.611996054649353,0.204296875,1.609548020362854
1jas94o4,transfer-clique-path-nsd-orthogonal-nonnorm-noattn-stalk3-h200-fdim5-dist11-size20-seed43,finished,graph-transfer-paper-classical-vs-sheaf-runpod,2026-06-03T20:07:06Z,https://wandb.ai/luigifracassetti-universit-degli-studi-di-milano-bicocca/on-oversquashing-transfer-RunPod/runs/1jas94o4,LOLLIPOP,nsd,20,11,200,3,orthogonal,False,False,128,100,43,False,5,5,5,5000,500,nsd-orthogonal-nonnorm-noattn-stalk3-h200,clique-path,24.6,1,1.6476877927780151,0.246,1.6476877927780151,18.4,0,1.6126099824905396,0.184,1.6126099824905396,0.184,1.6126099824905396,0.1970703125,1.610055685043335
62ufp5fq,transfer-clique-path-nsd-orthogonal-nonnorm-noattn-stalk3-h200-fdim5-dist16-size30-seed43,finished,graph-transfer-paper-classical-vs-sheaf-runpod,2026-06-03T22:49:39Z,https://wandb.ai/luigifracassetti-universit-degli-studi-di-milano-bicocca/on-oversquashing-transfer-RunPod/runs/62ufp5fq,LOLLIPOP,nsd,30,16,200,3,orthogonal,False,False,128,100,43,False,5,5,5,5000,500,nsd-orthogonal-nonnorm-noattn-stalk3-h200,clique-path,24.6,3,1.6874582767486572,0.246,1.6874582767486572,18.4,0,1.6133257150650024,0.184,1.6133257150650024,0.184,1.6133257150650024,0.1962890625,1.610351213812828
x9jzwr7a,transfer-clique-path-nsd-orthogonal-nonnorm-noattn-stalk3-h50-fdim5-dist2-size2-seed43,finished,graph-transfer-paper-classical-vs-sheaf-runpod,2026-06-03T17:51:52Z,https://wandb.ai/luigifracassetti-universit-degli-studi-di-milano-bicocca/on-oversquashing-transfer-RunPod/runs/x9jzwr7a,LOLLIPOP,nsd,2,2,50,3,orthogonal,False,False,128,100,43,False,5,5,5,5000,500,nsd-orthogonal-nonnorm-noattn-stalk3-h50,clique-path,100.0,0,0.024971691891551014,1.0,0.024971691891551014,100.0,0,0.024971691891551014,1.0,0.024971691891551014,1.0,0.024971691891551014,0.965625,0.35925496369600296
fc7mhtam,transfer-clique-path-nsd-orthogonal-nonnorm-noattn-stalk3-h50-fdim5-dist4-size6-seed43,finished,graph-transfer-paper-classical-vs-sheaf-runpod,2026-06-03T18:00:49Z,https://wandb.ai/luigifracassetti-universit-degli-studi-di-milano-bicocca/on-oversquashing-transfer-RunPod/runs/fc7mhtam,LOLLIPOP,nsd,6,4,50,3,orthogonal,False,False,128,100,43,False,5,5,5,5000,500,nsd-orthogonal-nonnorm-noattn-stalk3-h50,clique-path,100.0,1,0.4451166093349457,1.0,0.4451166093349457,100.0,0,0.4451166093349457,1.0,0.4451166093349457,1.0,0.4451166093349457,0.755078125,0.8062868915498257
1ukhgw8r,transfer-clique-path-nsd-orthogonal-nonnorm-noattn-stalk3-h50-fdim5-dist6-size10-seed43,finished,graph-transfer-paper-classical-vs-sheaf-runpod,2026-06-03T18:34:59Z,https://wandb.ai/luigifracassetti-universit-degli-studi-di-milano-bicocca/on-oversquashing-transfer-RunPod/runs/1ukhgw8r,LOLLIPOP,nsd,10,6,50,3,orthogonal,False,False,128,100,43,False,5,5,5,5000,500,nsd-orthogonal-nonnorm-noattn-stalk3-h50,clique-path,100.0,43,0.2504931688308716,1.0,0.2504931688308716,100.0,0,0.2504931688308716,1.0,0.2504931688308716,1.0,0.2504931688308716,0.8810546875,0.3022967007011175
8rp995bq,transfer-clique-path-nsd-orthogonal-nonnorm-noattn-stalk3-h50-fdim5-dist11-size20-seed43,finished,graph-transfer-paper-classical-vs-sheaf-runpod,2026-06-03T20:01:21Z,https://wandb.ai/luigifracassetti-universit-degli-studi-di-milano-bicocca/on-oversquashing-transfer-RunPod/runs/8rp995bq,LOLLIPOP,nsd,20,11,50,3,orthogonal,False,False,128,100,43,False,5,5,5,5000,500,nsd-orthogonal-nonnorm-noattn-stalk3-h50,clique-path,24.6,1,1.6326825618743896,0.246,1.6326825618743896,17.4,0,1.6117568016052246,0.174,1.6117568016052246,0.174,1.6117568016052246,0.203515625,1.6096158862113952
yzf66lpc,transfer-clique-path-nsd-orthogonal-nonnorm-noattn-stalk3-h50-fdim5-dist16-size30-seed43,finished,graph-transfer-paper-classical-vs-sheaf-runpod,2026-06-03T22:37:58Z,https://wandb.ai/luigifracassetti-universit-degli-studi-di-milano-bicocca/on-oversquashing-transfer-RunPod/runs/yzf66lpc,LOLLIPOP,nsd,30,16,50,3,orthogonal,False,False,128,100,43,False,5,5,5,5000,500,nsd-orthogonal-nonnorm-noattn-stalk3-h50,clique-path,24.6,1,1.6557024717330933,0.246,1.6557024717330933,17.4,0,1.6101982593536377,0.174,1.6101982593536377,0.174,1.6101982593536377,0.19609375,1.60990429520607
aw1tjpiy,transfer-clique-path-nsd-orthogonal-nonnorm-noattn-stalk5-h10-fdim5-dist2-size2-seed43,finished,graph-transfer-paper-classical-vs-sheaf-runpod,2026-06-03T17:52:11Z,https://wandb.ai/luigifracassetti-universit-degli-studi-di-milano-bicocca/on-oversquashing-transfer-RunPod/runs/aw1tjpiy,LOLLIPOP,nsd,2,2,10,5,orthogonal,False,False,128,100,43,False,5,5,5,5000,500,nsd-orthogonal-nonnorm-noattn-stalk5-h10,clique-path,100.0,0,0.3136189579963684,1.0,0.3136189579963684,100.0,0,0.3136189579963684,1.0,0.3136189579963684,1.0,0.3136189579963684,0.9150390625,0.8010148145258427
xzteaxq0,transfer-clique-path-nsd-orthogonal-nonnorm-noattn-stalk5-h10-fdim5-dist4-size6-seed43,finished,graph-transfer-paper-classical-vs-sheaf-runpod,2026-06-03T18:01:47Z,https://wandb.ai/luigifracassetti-universit-degli-studi-di-milano-bicocca/on-oversquashing-transfer-RunPod/runs/xzteaxq0,LOLLIPOP,nsd,6,4,10,5,orthogonal,False,False,128,100,43,False,5,5,5,5000,500,nsd-orthogonal-nonnorm-noattn-stalk5-h10,clique-path,100.0,1,0.5116040706634521,1.0,0.5116040706634521,100.0,0,0.5116040706634521,1.0,0.5116040706634521,1.0,0.5116040706634521,0.9841796875,0.8192775547504425
bsb8xbm4,transfer-clique-path-nsd-orthogonal-nonnorm-noattn-stalk5-h10-fdim5-dist6-size10-seed43,finished,graph-transfer-paper-classical-vs-sheaf-runpod,2026-06-03T18:39:46Z,https://wandb.ai/luigifracassetti-universit-degli-studi-di-milano-bicocca/on-oversquashing-transfer-RunPod/runs/bsb8xbm4,LOLLIPOP,nsd,10,6,10,5,orthogonal,False,False,128,100,43,False,5,5,5,5000,500,nsd-orthogonal-nonnorm-noattn-stalk5-h10,clique-path,100.0,21,0.40186017751693726,1.0,0.40186017751693726,100.0,0,0.40186017751693726,1.0,0.40186017751693726,1.0,0.40186017751693726,0.8091796875,0.6262362629175187
szx2jrv5,transfer-clique-path-nsd-orthogonal-nonnorm-noattn-stalk5-h10-fdim5-dist11-size20-seed43,finished,graph-transfer-paper-classical-vs-sheaf-runpod,2026-06-03T20:11:53Z,https://wandb.ai/luigifracassetti-universit-degli-studi-di-milano-bicocca/on-oversquashing-transfer-RunPod/runs/szx2jrv5,LOLLIPOP,nsd,20,11,10,5,orthogonal,False,False,128,100,43,False,5,5,5,5000,500,nsd-orthogonal-nonnorm-noattn-stalk5-h10,clique-path,24.6,1,1.6188201904296875,0.246,1.6188201904296875,17.4,0,1.6112295389175415,0.174,1.6112295389175415,0.174,1.6112295389175415,0.1978515625,1.609834039211273
uoj6cqj2,transfer-clique-path-nsd-orthogonal-nonnorm-noattn-stalk5-h10-fdim5-dist16-size30-seed43,finished,graph-transfer-paper-classical-vs-sheaf-runpod,2026-06-03T22:59:58Z,https://wandb.ai/luigifracassetti-universit-degli-studi-di-milano-bicocca/on-oversquashing-transfer-RunPod/runs/uoj6cqj2,LOLLIPOP,nsd,30,16,10,5,orthogonal,False,False,128,100,43,False,5,5,5,5000,500,nsd-orthogonal-nonnorm-noattn-stalk5-h10,clique-path,24.6,0,1.6234946250915527,0.246,1.6234946250915527,18.4,0,1.610814929008484,0.184,1.610814929008484,0.184,1.610814929008484,0.1939453125,1.609486010670662
op8jyozl,transfer-clique-path-nsd-orthogonal-nonnorm-noattn-stalk5-h100-fdim5-dist2-size2-seed43,finished,graph-transfer-paper-classical-vs-sheaf-runpod,2026-06-03T17:52:23Z,https://wandb.ai/luigifracassetti-universit-degli-studi-di-milano-bicocca/on-oversquashing-transfer-RunPod/runs/op8jyozl,LOLLIPOP,nsd,2,2,100,5,orthogonal,False,False,128,100,43,False,5,5,5,5000,500,nsd-orthogonal-nonnorm-noattn-stalk5-h100,clique-path,100.0,0,0.0021023722365498543,1.0,0.0021023722365498543,100.0,0,0.0021023722365498543,1.0,0.0021023722365498543,1.0,0.0021023722365498543,0.95859375,0.18254645679262463
97dd9wy0,transfer-clique-path-nsd-orthogonal-nonnorm-noattn-stalk5-h100-fdim5-dist4-size6-seed43,finished,graph-transfer-paper-classical-vs-sheaf-runpod,2026-06-03T18:02:31Z,https://wandb.ai/luigifracassetti-universit-degli-studi-di-milano-bicocca/on-oversquashing-transfer-RunPod/runs/97dd9wy0,LOLLIPOP,nsd,6,4,100,5,orthogonal,False,False,128,100,43,False,5,5,5,5000,500,nsd-orthogonal-nonnorm-noattn-stalk5-h100,clique-path,100.0,3,0.0700567290186882,1.0,0.0700567290186882,100.0,0,0.0700567290186882,1.0,0.0700567290186882,1.0,0.0700567290186882,0.78125,0.5277847107499838
pmsf3gvf,transfer-clique-path-nsd-orthogonal-nonnorm-noattn-stalk5-h100-fdim5-dist6-size10-seed43,finished,graph-transfer-paper-classical-vs-sheaf-runpod,2026-06-03T18:42:23Z,https://wandb.ai/luigifracassetti-universit-degli-studi-di-milano-bicocca/on-oversquashing-transfer-RunPod/runs/pmsf3gvf,LOLLIPOP,nsd,10,6,100,5,orthogonal,False,False,128,100,43,False,5,5,5,5000,500,nsd-orthogonal-nonnorm-noattn-stalk5-h100,clique-path,56.99999999999999,98,1.1165356636047363,0.57,1.1165356636047363,39.6,0,1.0847526788711548,0.396,1.0847526788711548,0.396,1.0847526788711548,0.407421875,1.0964675843715668
4rhtqbjn,transfer-clique-path-nsd-orthogonal-nonnorm-noattn-stalk5-h100-fdim5-dist11-size20-seed43,finished,graph-transfer-paper-classical-vs-sheaf-runpod,2026-06-03T20:21:44Z,https://wandb.ai/luigifracassetti-universit-degli-studi-di-milano-bicocca/on-oversquashing-transfer-RunPod/runs/4rhtqbjn,LOLLIPOP,nsd,20,11,100,5,orthogonal,False,False,128,100,43,False,5,5,5,5000,500,nsd-orthogonal-nonnorm-noattn-stalk5-h100,clique-path,24.6,16,1.6087249517440796,0.246,1.6087249517440796,21.2,0,1.6096312999725342,0.212,1.6096312999725342,0.212,1.6096312999725342,0.1951171875,1.610322403907776
mhu9wdvk,transfer-clique-path-nsd-orthogonal-nonnorm-noattn-stalk5-h100-fdim5-dist16-size30-seed43,finished,graph-transfer-paper-classical-vs-sheaf-runpod,2026-06-03T23:24:14Z,https://wandb.ai/luigifracassetti-universit-degli-studi-di-milano-bicocca/on-oversquashing-transfer-RunPod/runs/mhu9wdvk,LOLLIPOP,nsd,30,16,100,5,orthogonal,False,False,128,100,43,False,5,5,5,5000,500,nsd-orthogonal-nonnorm-noattn-stalk5-h100,clique-path,24.6,4,1.702478051185608,0.246,1.702478051185608,17.4,0,1.6128798723220823,0.174,1.6128798723220823,0.174,1.6128798723220823,0.1984375,1.6106571048498153
5ybi9vkp,transfer-clique-path-nsd-orthogonal-nonnorm-noattn-stalk5-h200-fdim5-dist2-size2-seed43,finished,graph-transfer-paper-classical-vs-sheaf-runpod,2026-06-03T17:52:27Z,https://wandb.ai/luigifracassetti-universit-degli-studi-di-milano-bicocca/on-oversquashing-transfer-RunPod/runs/5ybi9vkp,LOLLIPOP,nsd,2,2,200,5,orthogonal,False,False,128,100,43,False,5,5,5,5000,500,nsd-orthogonal-nonnorm-noattn-stalk5-h200,clique-path,100.0,0,0.00016394237172789872,1.0,0.00016394237172789872,100.0,0,0.00016394237172789872,1.0,0.00016394237172789872,1.0,0.00016394237172789872,0.966015625,0.11459764203682424
nici9jbz,transfer-clique-path-nsd-orthogonal-nonnorm-noattn-stalk5-h200-fdim5-dist4-size6-seed43,finished,graph-transfer-paper-classical-vs-sheaf-runpod,2026-06-03T18:02:49Z,https://wandb.ai/luigifracassetti-universit-degli-studi-di-milano-bicocca/on-oversquashing-transfer-RunPod/runs/nici9jbz,LOLLIPOP,nsd,6,4,200,5,orthogonal,False,False,128,100,43,False,5,5,5,5000,500,nsd-orthogonal-nonnorm-noattn-stalk5-h200,clique-path,100.0,2,0.10541076213121414,1.0,0.10541076213121414,100.0,0,0.10541076213121414,1.0,0.10541076213121414,1.0,0.10541076213121414,0.7291015625,0.7812327537685633
vduyqwez,transfer-clique-path-nsd-orthogonal-nonnorm-noattn-stalk5-h200-fdim5-dist6-size10-seed43,finished,graph-transfer-paper-classical-vs-sheaf-runpod,2026-06-03T18:43:29Z,https://wandb.ai/luigifracassetti-universit-degli-studi-di-milano-bicocca/on-oversquashing-transfer-RunPod/runs/vduyqwez,LOLLIPOP,nsd,10,6,200,5,orthogonal,False,False,128,100,43,False,5,5,5,5000,500,nsd-orthogonal-nonnorm-noattn-stalk5-h200,clique-path,24.6,24,1.6050275564193726,0.246,1.6050275564193726,18.4,0,1.610959768295288,0.184,1.610959768295288,0.184,1.610959768295288,0.194921875,1.6102772265672685
qivz84sk,transfer-clique-path-nsd-orthogonal-nonnorm-noattn-stalk5-h200-fdim5-dist11-size20-seed43,finished,graph-transfer-paper-classical-vs-sheaf-runpod,2026-06-03T20:24:11Z,https://wandb.ai/luigifracassetti-universit-degli-studi-di-milano-bicocca/on-oversquashing-transfer-RunPod/runs/qivz84sk,LOLLIPOP,nsd,20,11,200,5,orthogonal,False,False,128,100,43,False,5,5,5,5000,500,nsd-orthogonal-nonnorm-noattn-stalk5-h200,clique-path,24.6,2,1.7814545631408691,0.246,1.7814545631408691,17.4,0,1.6125047206878662,0.174,1.6125047206878662,0.174,1.6125047206878662,0.1943359375,1.6098619550466535
msxvhbc7,transfer-clique-path-nsd-orthogonal-nonnorm-noattn-stalk5-h200-fdim5-dist16-size30-seed43,finished,graph-transfer-paper-classical-vs-sheaf-runpod,2026-06-03T23:31:15Z,https://wandb.ai/luigifracassetti-universit-degli-studi-di-milano-bicocca/on-oversquashing-transfer-RunPod/runs/msxvhbc7,LOLLIPOP,nsd,30,16,200,5,orthogonal,False,False,128,100,43,False,5,5,5,5000,500,nsd-orthogonal-nonnorm-noattn-stalk5-h200,clique-path,24.6,5,1.6840051412582395,0.246,1.6840051412582395,18.4,0,1.613707423210144,0.184,1.613707423210144,0.184,1.613707423210144,0.192578125,1.61102557182312
4qh6bssj,transfer-clique-path-nsd-orthogonal-nonnorm-noattn-stalk5-h50-fdim5-dist2-size2-seed43,finished,graph-transfer-paper-classical-vs-sheaf-runpod,2026-06-03T17:52:15Z,https://wandb.ai/luigifracassetti-universit-degli-studi-di-milano-bicocca/on-oversquashing-transfer-RunPod/runs/4qh6bssj,LOLLIPOP,nsd,2,2,50,5,orthogonal,False,False,128,100,43,False,5,5,5,5000,500,nsd-orthogonal-nonnorm-noattn-stalk5-h50,clique-path,100.0,0,0.009717032313346865,1.0,0.009717032313346865,100.0,0,0.009717032313346865,1.0,0.009717032313346865,1.0,0.009717032313346865,0.962890625,0.23944082222878932
a2til50s,transfer-clique-path-nsd-orthogonal-nonnorm-noattn-stalk5-h50-fdim5-dist4-size6-seed43,finished,graph-transfer-paper-classical-vs-sheaf-runpod,2026-06-03T18:02:18Z,https://wandb.ai/luigifracassetti-universit-degli-studi-di-milano-bicocca/on-oversquashing-transfer-RunPod/runs/a2til50s,LOLLIPOP,nsd,6,4,50,5,orthogonal,False,False,128,100,43,False,5,5,5,5000,500,nsd-orthogonal-nonnorm-noattn-stalk5-h50,clique-path,100.0,1,0.3350655436515808,1.0,0.3350655436515808,100.0,0,0.3350655436515808,1.0,0.3350655436515808,1.0,0.3350655436515808,0.8611328125,0.7580011926591397
fn3abfow,transfer-clique-path-nsd-orthogonal-nonnorm-noattn-stalk5-h50-fdim5-dist6-size10-seed43,finished,graph-transfer-paper-classical-vs-sheaf-runpod,2026-06-03T18:41:39Z,https://wandb.ai/luigifracassetti-universit-degli-studi-di-milano-bicocca/on-oversquashing-transfer-RunPod/runs/fn3abfow,LOLLIPOP,nsd,10,6,50,5,orthogonal,False,False,128,100,43,False,5,5,5,5000,500,nsd-orthogonal-nonnorm-noattn-stalk5-h50,clique-path,100.0,44,0.5782160758972168,1.0,0.5782160758972168,100.0,0,0.5782160758972168,1.0,0.5782160758972168,1.0,0.5782160758972168,0.768359375,0.6212541915476322
xw2movww,transfer-clique-path-nsd-orthogonal-nonnorm-noattn-stalk5-h50-fdim5-dist11-size20-seed43,finished,graph-transfer-paper-classical-vs-sheaf-runpod,2026-06-03T20:16:10Z,https://wandb.ai/luigifracassetti-universit-degli-studi-di-milano-bicocca/on-oversquashing-transfer-RunPod/runs/xw2movww,LOLLIPOP,nsd,20,11,50,5,orthogonal,False,False,128,100,43,False,5,5,5,5000,500,nsd-orthogonal-nonnorm-noattn-stalk5-h50,clique-path,24.6,2,1.614199995994568,0.246,1.614199995994568,18.4,0,1.610811471939087,0.184,1.610811471939087,0.184,1.610811471939087,0.2021484375,1.6098272562026978
6veskxtt,transfer-clique-path-nsd-orthogonal-nonnorm-noattn-stalk5-h50-fdim5-dist16-size30-seed43,finished,graph-transfer-paper-classical-vs-sheaf-runpod,2026-06-03T23:11:22Z,https://wandb.ai/luigifracassetti-universit-degli-studi-di-milano-bicocca/on-oversquashing-transfer-RunPod/runs/6veskxtt,LOLLIPOP,nsd,30,16,50,5,orthogonal,False,False,128,100,43,False,5,5,5,5000,500,nsd-orthogonal-nonnorm-noattn-stalk5-h50,clique-path,24.6,2,1.6215946674346924,0.246,1.6215946674346924,18.4,0,1.6102560758590698,0.184,1.6102560758590698,0.184,1.6102560758590698,0.1896484375,1.6101620763540268
0gcjzfoo,transfer-clique-path-classic-sage-h64-fdim5-dist2-size2-seed43,finished,graph-transfer-paper-classical-vs-sheaf-runpod,2026-06-03T17:51:17Z,https://wandb.ai/luigifracassetti-universit-degli-studi-di-milano-bicocca/on-oversquashing-transfer-RunPod/runs/0gcjzfoo,LOLLIPOP,sage,2,2,64,1,general,True,True,128,100,43,False,5,5,5,5000,500,classic-sage-h64,clique-path,100.0,0,0.16570177674293518,1.0,0.16570177674293518,100.0,0,0.16570177674293518,1.0,0.16570177674293518,1.0,0.16570177674293518,0.9265625,0.5023354589939117
u409ehmj,transfer-clique-path-classic-sage-h64-fdim5-dist4-size6-seed43,finished,graph-transfer-paper-classical-vs-sheaf-runpod,2026-06-03T17:57:08Z,https://wandb.ai/luigifracassetti-universit-degli-studi-di-milano-bicocca/on-oversquashing-transfer-RunPod/runs/u409ehmj,LOLLIPOP,sage,6,4,64,1,general,True,True,128,100,43,False,5,5,5,5000,500,classic-sage-h64,clique-path,100.0,0,1.031396746635437,1.0,1.031396746635437,100.0,0,1.031396746635437,1.0,1.031396746635437,1.0,1.031396746635437,0.77109375,1.0974312216043471
7qpn73yu,transfer-clique-path-classic-sage-h64-fdim5-dist6-size10-seed43,finished,graph-transfer-paper-classical-vs-sheaf-runpod,2026-06-03T18:26:53Z,https://wandb.ai/luigifracassetti-universit-degli-studi-di-milano-bicocca/on-oversquashing-transfer-RunPod/runs/7qpn73yu,LOLLIPOP,sage,10,6,64,1,general,True,True,128,100,43,False,5,5,5,5000,500,classic-sage-h64,clique-path,100.0,3,0.16204510629177094,1.0,0.16204510629177094,100.0,0,0.16204510629177094,1.0,0.16204510629177094,1.0,0.16204510629177094,1.0,0.22140175383538008
j31p4fqh,transfer-clique-path-classic-sage-h64-fdim5-dist11-size20-seed43,finished,graph-transfer-paper-classical-vs-sheaf-runpod,2026-06-03T19:50:43Z,https://wandb.ai/luigifracassetti-universit-degli-studi-di-milano-bicocca/on-oversquashing-transfer-RunPod/runs/j31p4fqh,LOLLIPOP,sage,20,11,64,1,general,True,True,128,100,43,False,5,5,5,5000,500,classic-sage-h64,clique-path,24.6,18,1.6074965000152588,0.246,1.6074965000152588,18.4,0,1.6140707731246948,0.184,1.6140707731246948,0.184,1.6140707731246948,0.2392578125,1.596800297498703
f2vk5kse,transfer-clique-path-classic-sage-h64-fdim5-dist16-size30-seed43,finished,graph-transfer-paper-classical-vs-sheaf-runpod,2026-06-03T22:18:30Z,https://wandb.ai/luigifracassetti-universit-degli-studi-di-milano-bicocca/on-oversquashing-transfer-RunPod/runs/f2vk5kse,LOLLIPOP,sage,30,16,64,1,general,True,True,128,100,43,False,5,5,5,5000,500,classic-sage-h64,clique-path,21.2,7,1.6121984720230105,0.212,1.6121984720230105,21.2,0,1.612093448638916,0.212,1.612093448638916,0.212,1.612093448638916,0.232421875,1.5989026218652724
ulwdp0sy,transfer-crossed-ring-classic-gat-h64-fdim5-dist1-size2-seed43,finished,graph-transfer-paper-classical-vs-sheaf-runpod,2026-06-03T17:49:50Z,https://wandb.ai/luigifracassetti-universit-degli-studi-di-milano-bicocca/on-oversquashing-transfer-RunPod/runs/ulwdp0sy,RING,gat,2,1,64,1,general,True,True,128,100,43,True,5,5,5,5000,500,classic-gat-h64,crossed-ring,100.0,12,1.0308078527450562,1.0,1.0308078527450562,100.0,0,1.0308078527450562,1.0,1.0308078527450562,1.0,1.0308078527450562,0.946875,1.0640740066766738
lp6wbw7z,transfer-crossed-ring-classic-gat-h64-fdim5-dist3-size6-seed43,finished,graph-transfer-paper-classical-vs-sheaf-runpod,2026-06-03T17:54:53Z,https://wandb.ai/luigifracassetti-universit-degli-studi-di-milano-bicocca/on-oversquashing-transfer-RunPod/runs/lp6wbw7z,RING,gat,6,3,64,1,general,True,True,128,100,43,True,5,5,5,5000,500,classic-gat-h64,crossed-ring,100.0,1,0.01109651569277048,1.0,0.01109651569277048,100.0,0,0.01109651569277048,1.0,0.01109651569277048,1.0,0.01109651569277048,1.0,0.016381548764184118
q9r5i99r,transfer-crossed-ring-classic-gat-h64-fdim5-dist5-size10-seed43,finished,graph-transfer-paper-classical-vs-sheaf-runpod,2026-06-03T18:16:10Z,https://wandb.ai/luigifracassetti-universit-degli-studi-di-milano-bicocca/on-oversquashing-transfer-RunPod/runs/q9r5i99r,RING,gat,10,5,64,1,general,True,True,128,100,43,True,5,5,5,5000,500,classic-gat-h64,crossed-ring,100.0,1,0.011587257497012615,1.0,0.011587257497012615,100.0,0,0.011587257497012615,1.0,0.011587257497012615,1.0,0.011587257497012615,1.0,0.019772323430515822
wqingr0f,transfer-crossed-ring-classic-gat-h64-fdim5-dist10-size20-seed43,finished,graph-transfer-paper-classical-vs-sheaf-runpod,2026-06-03T19:14:33Z,https://wandb.ai/luigifracassetti-universit-degli-studi-di-milano-bicocca/on-oversquashing-transfer-RunPod/runs/wqingr0f,RING,gat,20,10,64,1,general,True,True,128,100,43,True,5,5,5,5000,500,classic-gat-h64,crossed-ring,100.0,1,0.03630766272544861,1.0,0.03630766272544861,100.0,0,0.03630766272544861,1.0,0.03630766272544861,1.0,0.03630766272544861,0.98984375,0.212445381982252
j13bjfug,transfer-crossed-ring-classic-gat-h64-fdim5-dist15-size30-seed43,finished,graph-transfer-paper-classical-vs-sheaf-runpod,2026-06-03T21:16:02Z,https://wandb.ai/luigifracassetti-universit-degli-studi-di-milano-bicocca/on-oversquashing-transfer-RunPod/runs/j13bjfug,RING,gat,30,15,64,1,general,True,True,128,100,43,True,5,5,5,5000,500,classic-gat-h64,crossed-ring,100.0,74,0.359192818403244,1.0,0.359192818403244,100.0,0,0.359192818403244,1.0,0.359192818403244,1.0,0.359192818403244,0.984375,0.1572744157165289
lpgall8g,transfer-crossed-ring-classic-gcn-h64-fdim5-dist1-size2-seed43,finished,graph-transfer-paper-classical-vs-sheaf-runpod,2026-06-03T17:49:48Z,https://wandb.ai/luigifracassetti-universit-degli-studi-di-milano-bicocca/on-oversquashing-transfer-RunPod/runs/lpgall8g,RING,gcn,2,1,64,1,general,True,True,128,100,43,True,5,5,5,5000,500,classic-gcn-h64,crossed-ring,100.0,11,1.1177667379379272,1.0,1.1177667379379272,100.0,0,1.1177667379379272,1.0,1.1177667379379272,1.0,1.1177667379379272,0.7708984375,1.1462888449430466
xtxs3t6q,transfer-crossed-ring-classic-gcn-h64-fdim5-dist3-size6-seed43,finished,graph-transfer-paper-classical-vs-sheaf-runpod,2026-06-03T17:54:51Z,https://wandb.ai/luigifracassetti-universit-degli-studi-di-milano-bicocca/on-oversquashing-transfer-RunPod/runs/xtxs3t6q,RING,gcn,6,3,64,1,general,True,True,128,100,43,True,5,5,5,5000,500,classic-gcn-h64,crossed-ring,100.0,0,1.0592082738876345,1.0,1.0592082738876345,100.0,0,1.0592082738876345,1.0,1.0592082738876345,1.0,1.0592082738876345,0.925,0.5454095728695393
ua57qumi,transfer-crossed-ring-classic-gcn-h64-fdim5-dist5-size10-seed43,finished,graph-transfer-paper-classical-vs-sheaf-runpod,2026-06-03T18:16:10Z,https://wandb.ai/luigifracassetti-universit-degli-studi-di-milano-bicocca/on-oversquashing-transfer-RunPod/runs/ua57qumi,RING,gcn,10,5,64,1,general,True,True,128,100,43,True,5,5,5,5000,500,classic-gcn-h64,crossed-ring,100.0,1,0.09062861651182176,1.0,0.09062861651182176,100.0,0,0.09062861651182176,1.0,0.09062861651182176,1.0,0.09062861651182176,1.0,0.1386849530041218
9vdduduz,transfer-crossed-ring-classic-gcn-h64-fdim5-dist10-size20-seed43,finished,graph-transfer-paper-classical-vs-sheaf-runpod,2026-06-03T19:13:54Z,https://wandb.ai/luigifracassetti-universit-degli-studi-di-milano-bicocca/on-oversquashing-transfer-RunPod/runs/9vdduduz,RING,gcn,20,10,64,1,general,True,True,128,100,43,True,5,5,5,5000,500,classic-gcn-h64,crossed-ring,100.0,30,0.04860618710517883,1.0,0.04860618710517883,100.0,0,0.04860618710517883,1.0,0.04860618710517883,1.0,0.04860618710517883,0.996875,0.01317735251504928
58r3kh6e,transfer-crossed-ring-classic-gcn-h64-fdim5-dist15-size30-seed43,finished,graph-transfer-paper-classical-vs-sheaf-runpod,2026-06-03T21:13:46Z,https://wandb.ai/luigifracassetti-universit-degli-studi-di-milano-bicocca/on-oversquashing-transfer-RunPod/runs/58r3kh6e,RING,gcn,30,15,64,1,general,True,True,128,100,43,True,5,5,5,5000,500,classic-gcn-h64,crossed-ring,24.6,9,1.609453558921814,0.246,1.609453558921814,17.4,0,1.6225292682647705,0.174,1.6225292682647705,0.174,1.6225292682647705,0.2521484375,1.5861315965652465
eaatu086,transfer-crossed-ring-classic-gin-h64-fdim5-dist1-size2-seed43,finished,graph-transfer-paper-classical-vs-sheaf-runpod,2026-06-03T17:49:50Z,https://wandb.ai/luigifracassetti-universit-degli-studi-di-milano-bicocca/on-oversquashing-transfer-RunPod/runs/eaatu086,RING,gin,2,1,64,1,general,True,True,128,100,43,True,5,5,5,5000,500,classic-gin-h64,crossed-ring,100.0,7,0.6051760911941528,1.0,0.6051760911941528,100.0,0,0.6051760911941528,1.0,0.6051760911941528,1.0,0.6051760911941528,0.808984375,0.6809748619794845
jw9pt95f,transfer-crossed-ring-classic-gin-h64-fdim5-dist3-size6-seed43,finished,graph-transfer-paper-classical-vs-sheaf-runpod,2026-06-03T17:55:00Z,https://wandb.ai/luigifracassetti-universit-degli-studi-di-milano-bicocca/on-oversquashing-transfer-RunPod/runs/jw9pt95f,RING,gin,6,3,64,1,general,True,True,128,100,43,True,5,5,5,5000,500,classic-gin-h64,crossed-ring,100.0,2,0.28914856910705566,1.0,0.28914856910705566,100.0,0,0.28914856910705566,1.0,0.28914856910705566,1.0,0.28914856910705566,0.8703125,0.3816058598458767
9tk7vb3o,transfer-crossed-ring-classic-gin-h64-fdim5-dist5-size10-seed43,finished,graph-transfer-paper-classical-vs-sheaf-runpod,2026-06-03T18:16:22Z,https://wandb.ai/luigifracassetti-universit-degli-studi-di-milano-bicocca/on-oversquashing-transfer-RunPod/runs/9tk7vb3o,RING,gin,10,5,64,1,general,True,True,128,100,43,True,5,5,5,5000,500,classic-gin-h64,crossed-ring,100.0,1,0.5759891271591187,1.0,0.5759891271591187,100.0,0,0.5759891271591187,1.0,0.5759891271591187,1.0,0.5759891271591187,0.947265625,0.5144282408058644
231i9y3z,transfer-crossed-ring-classic-gin-h64-fdim5-dist10-size20-seed43,finished,graph-transfer-paper-classical-vs-sheaf-runpod,2026-06-03T19:14:47Z,https://wandb.ai/luigifracassetti-universit-degli-studi-di-milano-bicocca/on-oversquashing-transfer-RunPod/runs/231i9y3z,RING,gin,20,10,64,1,general,True,True,128,100,43,True,5,5,5,5000,500,classic-gin-h64,crossed-ring,100.0,17,0.25786101818084717,1.0,0.25786101818084717,100.0,0,0.25786101818084717,1.0,0.25786101818084717,1.0,0.25786101818084717,0.990625,0.02647411455400288
bcj8kg3p,transfer-crossed-ring-classic-gin-h64-fdim5-dist15-size30-seed43,finished,graph-transfer-paper-classical-vs-sheaf-runpod,2026-06-03T21:18:48Z,https://wandb.ai/luigifracassetti-universit-degli-studi-di-milano-bicocca/on-oversquashing-transfer-RunPod/runs/bcj8kg3p,RING,gin,30,15,64,1,general,True,True,128,100,43,True,5,5,5,5000,500,classic-gin-h64,crossed-ring,21.2,29,1.6154602766036987,0.212,1.6154602766036987,21.2,0,1.6085598468780518,0.212,1.6085598468780518,0.212,1.6085598468780518,0.2,1.6127191662788392
6211x5vs,transfer-crossed-ring-nsd-general-norm-stalk1-h10-fdim5-dist1-size2-seed43,finished,graph-transfer-paper-classical-vs-sheaf-runpod,2026-06-03T17:50:02Z,https://wandb.ai/luigifracassetti-universit-degli-studi-di-milano-bicocca/on-oversquashing-transfer-RunPod/runs/6211x5vs,RING,nsd,2,1,10,1,general,True,True,128,100,43,True,5,5,5,5000,500,nsd-general-norm-stalk1-h10,crossed-ring,100.0,3,1.0226882696151731,1.0,1.0226882696151731,100.0,0,1.0226882696151731,1.0,1.0226882696151731,1.0,1.0226882696151731,0.8091796875,1.093876950442791
7v252ffn,transfer-crossed-ring-nsd-general-norm-stalk1-h10-fdim5-dist3-size6-seed43,finished,graph-transfer-paper-classical-vs-sheaf-runpod,2026-06-03T17:55:12Z,https://wandb.ai/luigifracassetti-universit-degli-studi-di-milano-bicocca/on-oversquashing-transfer-RunPod/runs/7v252ffn,RING,nsd,6,3,10,1,general,True,True,128,100,43,True,5,5,5,5000,500,nsd-general-norm-stalk1-h10,crossed-ring,100.0,12,0.6488733291625977,1.0,0.6488733291625977,100.0,0,0.6488733291625977,1.0,0.6488733291625977,1.0,0.6488733291625977,0.9259765625,0.705058379471302
lqvll6x1,transfer-crossed-ring-nsd-general-norm-stalk1-h10-fdim5-dist5-size10-seed43,finished,graph-transfer-paper-classical-vs-sheaf-runpod,2026-06-03T18:16:34Z,https://wandb.ai/luigifracassetti-universit-degli-studi-di-milano-bicocca/on-oversquashing-transfer-RunPod/runs/lqvll6x1,RING,nsd,10,5,10,1,general,True,True,128,100,43,True,5,5,5,5000,500,nsd-general-norm-stalk1-h10,crossed-ring,60.4,33,1.113924264907837,0.604,1.113924264907837,60.4,0,0.8155638575553894,0.604,0.8155638575553894,0.604,0.8155638575553894,0.597265625,0.8293624967336655
0ky0go3m,transfer-crossed-ring-nsd-general-norm-stalk1-h10-fdim5-dist10-size20-seed43,finished,graph-transfer-paper-classical-vs-sheaf-runpod,2026-06-03T19:15:48Z,https://wandb.ai/luigifracassetti-universit-degli-studi-di-milano-bicocca/on-oversquashing-transfer-RunPod/runs/0ky0go3m,RING,nsd,20,10,10,1,general,True,True,128,100,43,True,5,5,5,5000,500,nsd-general-norm-stalk1-h10,crossed-ring,21.2,8,1.610642671585083,0.212,1.610642671585083,17.4,0,1.6110719442367554,0.174,1.6110719442367554,0.174,1.6110719442367554,0.2037109375,1.6091940075159072
xz7ht1cm,transfer-crossed-ring-nsd-general-norm-stalk1-h10-fdim5-dist15-size30-seed43,finished,graph-transfer-paper-classical-vs-sheaf-runpod,2026-06-03T21:21:23Z,https://wandb.ai/luigifracassetti-universit-degli-studi-di-milano-bicocca/on-oversquashing-transfer-RunPod/runs/xz7ht1cm,RING,nsd,30,15,10,1,general,True,True,128,100,43,True,5,5,5,5000,500,nsd-general-norm-stalk1-h10,crossed-ring,21.2,9,1.6131426095962524,0.212,1.6131426095962524,17.4,0,1.611414074897766,0.174,1.611414074897766,0.174,1.611414074897766,0.1990234375,1.6093240618705749
1h46b4x4,transfer-crossed-ring-nsd-general-norm-stalk1-h100-fdim5-dist1-size2-seed43,finished,graph-transfer-paper-classical-vs-sheaf-runpod,2026-06-03T17:50:17Z,https://wandb.ai/luigifracassetti-universit-degli-studi-di-milano-bicocca/on-oversquashing-transfer-RunPod/runs/1h46b4x4,RING,nsd,2,1,100,1,general,True,True,128,100,43,True,5,5,5,5000,500,nsd-general-norm-stalk1-h100,crossed-ring,100.0,0,1.199405074119568,1.0,1.199405074119568,100.0,0,1.199405074119568,1.0,1.199405074119568,1.0,1.199405074119568,0.7240234375,1.4423345655202866
tjg2nmhn,transfer-crossed-ring-nsd-general-norm-stalk1-h100-fdim5-dist3-size6-seed43,finished,graph-transfer-paper-classical-vs-sheaf-runpod,2026-06-03T17:55:47Z,https://wandb.ai/luigifracassetti-universit-degli-studi-di-milano-bicocca/on-oversquashing-transfer-RunPod/runs/tjg2nmhn,RING,nsd,6,3,100,1,general,True,True,128,100,43,True,5,5,5,5000,500,nsd-general-norm-stalk1-h100,crossed-ring,100.0,17,0.5235739350318909,1.0,0.5235739350318909,100.0,0,0.5235739350318909,1.0,0.5235739350318909,1.0,0.5235739350318909,0.97421875,0.6128873236477375
toxijpdr,transfer-crossed-ring-nsd-general-norm-stalk1-h100-fdim5-dist5-size10-seed43,finished,graph-transfer-paper-classical-vs-sheaf-runpod,2026-06-03T18:20:14Z,https://wandb.ai/luigifracassetti-universit-degli-studi-di-milano-bicocca/on-oversquashing-transfer-RunPod/runs/toxijpdr,RING,nsd,10,5,100,1,general,True,True,128,100,43,True,5,5,5,5000,500,nsd-general-norm-stalk1-h100,crossed-ring,21.2,20,1.6102231740951538,0.212,1.6102231740951538,17.4,0,1.6114540100097656,0.174,1.6114540100097656,0.174,1.6114540100097656,0.2037109375,1.6093245923519135
nyp60raf,transfer-crossed-ring-nsd-general-norm-stalk1-h100-fdim5-dist10-size20-seed43,finished,graph-transfer-paper-classical-vs-sheaf-runpod,2026-06-03T19:21:12Z,https://wandb.ai/luigifracassetti-universit-degli-studi-di-milano-bicocca/on-oversquashing-transfer-RunPod/runs/nyp60raf,RING,nsd,20,10,100,1,general,True,True,128,100,43,True,5,5,5,5000,500,nsd-general-norm-stalk1-h100,crossed-ring,24.6,2,1.6092822551727295,0.246,1.6092822551727295,17.4,0,1.6108906269073486,0.174,1.6108906269073486,0.174,1.6108906269073486,0.19921875,1.6094369441270828
9n8qopho,transfer-crossed-ring-nsd-general-norm-stalk1-h100-fdim5-dist15-size30-seed43,finished,graph-transfer-paper-classical-vs-sheaf-runpod,2026-06-03T21:26:20Z,https://wandb.ai/luigifracassetti-universit-degli-studi-di-milano-bicocca/on-oversquashing-transfer-RunPod/runs/9n8qopho,RING,nsd,30,15,100,1,general,True,True,128,100,43,True,5,5,5,5000,500,nsd-general-norm-stalk1-h100,crossed-ring,21.2,11,1.6104047298431396,0.212,1.6104047298431396,17.4,0,1.6114122867584229,0.174,1.6114122867584229,0.174,1.6114122867584229,0.20078125,1.6094801306724549
qyw9v6nu,transfer-crossed-ring-nsd-general-norm-stalk1-h200-fdim5-dist1-size2-seed43,finished,graph-transfer-paper-classical-vs-sheaf-runpod,2026-06-03T17:50:17Z,https://wandb.ai/luigifracassetti-universit-degli-studi-di-milano-bicocca/on-oversquashing-transfer-RunPod/runs/qyw9v6nu,RING,nsd,2,1,200,1,general,True,True,128,100,43,True,5,5,5,5000,500,nsd-general-norm-stalk1-h200,crossed-ring,100.0,0,0.8717746734619141,1.0,0.8717746734619141,100.0,0,0.8717746734619141,1.0,0.8717746734619141,1.0,0.8717746734619141,0.9197265625,1.194020541012287
f0rubirw,transfer-crossed-ring-nsd-general-norm-stalk1-h200-fdim5-dist3-size6-seed43,finished,graph-transfer-paper-classical-vs-sheaf-runpod,2026-06-03T17:56:01Z,https://wandb.ai/luigifracassetti-universit-degli-studi-di-milano-bicocca/on-oversquashing-transfer-RunPod/runs/f0rubirw,RING,nsd,6,3,200,1,general,True,True,128,100,43,True,5,5,5,5000,500,nsd-general-norm-stalk1-h200,crossed-ring,100.0,2,0.5251660346984863,1.0,0.5251660346984863,100.0,0,0.5251660346984863,1.0,0.5251660346984863,1.0,0.5251660346984863,0.994921875,0.7056930720806122
ndavodsu,transfer-crossed-ring-nsd-general-norm-stalk1-h200-fdim5-dist5-size10-seed43,finished,graph-transfer-paper-classical-vs-sheaf-runpod,2026-06-03T18:22:00Z,https://wandb.ai/luigifracassetti-universit-degli-studi-di-milano-bicocca/on-oversquashing-transfer-RunPod/runs/ndavodsu,RING,nsd,10,5,200,1,general,True,True,128,100,43,True,5,5,5,5000,500,nsd-general-norm-stalk1-h200,crossed-ring,24.6,5,1.6047433614730835,0.246,1.6047433614730835,18.4,0,1.611228585243225,0.184,1.611228585243225,0.184,1.611228585243225,0.196875,1.6094179838895797
v83s4j93,transfer-crossed-ring-nsd-general-norm-stalk1-h200-fdim5-dist10-size20-seed43,finished,graph-transfer-paper-classical-vs-sheaf-runpod,2026-06-03T19:23:45Z,https://wandb.ai/luigifracassetti-universit-degli-studi-di-milano-bicocca/on-oversquashing-transfer-RunPod/runs/v83s4j93,RING,nsd,20,10,200,1,general,True,True,128,100,43,True,5,5,5,5000,500,nsd-general-norm-stalk1-h200,crossed-ring,21.2,1,1.6088087558746338,0.212,1.6088087558746338,18.4,0,1.6114349365234375,0.184,1.6114349365234375,0.184,1.6114349365234375,0.21015625,1.609338515996933
fhi66nzo,transfer-crossed-ring-nsd-general-norm-stalk1-h200-fdim5-dist15-size30-seed43,finished,graph-transfer-paper-classical-vs-sheaf-runpod,2026-06-03T21:30:58Z,https://wandb.ai/luigifracassetti-universit-degli-studi-di-milano-bicocca/on-oversquashing-transfer-RunPod/runs/fhi66nzo,RING,nsd,30,15,200,1,general,True,True,128,100,43,True,5,5,5,5000,500,nsd-general-norm-stalk1-h200,crossed-ring,21.2,4,1.6072901487350464,0.212,1.6072901487350464,17.4,0,1.611103892326355,0.174,1.611103892326355,0.174,1.611103892326355,0.2095703125,1.6091969549655911
wr808zml,transfer-crossed-ring-nsd-general-norm-stalk1-h50-fdim5-dist1-size2-seed43,finished,graph-transfer-paper-classical-vs-sheaf-runpod,2026-06-03T17:50:06Z,https://wandb.ai/luigifracassetti-universit-degli-studi-di-milano-bicocca/on-oversquashing-transfer-RunPod/runs/wr808zml,RING,nsd,2,1,50,1,general,True,True,128,100,43,True,5,5,5,5000,500,nsd-general-norm-stalk1-h50,crossed-ring,100.0,0,1.2200744152069092,1.0,1.2200744152069092,100.0,0,1.2200744152069092,1.0,1.2200744152069092,1.0,1.2200744152069092,0.7900390625,1.4224663078784945
5dn7lxgi,transfer-crossed-ring-nsd-general-norm-stalk1-h50-fdim5-dist3-size6-seed43,finished,graph-transfer-paper-classical-vs-sheaf-runpod,2026-06-03T17:55:31Z,https://wandb.ai/luigifracassetti-universit-degli-studi-di-milano-bicocca/on-oversquashing-transfer-RunPod/runs/5dn7lxgi,RING,nsd,6,3,50,1,general,True,True,128,100,43,True,5,5,5,5000,500,nsd-general-norm-stalk1-h50,crossed-ring,100.0,3,0.8044719099998474,1.0,0.8044719099998474,100.0,0,0.8044719099998474,1.0,0.8044719099998474,1.0,0.8044719099998474,0.8400390625,0.9099946334958076
qccv3m4r,transfer-crossed-ring-nsd-general-norm-stalk1-h50-fdim5-dist5-size10-seed43,finished,graph-transfer-paper-classical-vs-sheaf-runpod,2026-06-03T18:19:22Z,https://wandb.ai/luigifracassetti-universit-degli-studi-di-milano-bicocca/on-oversquashing-transfer-RunPod/runs/qccv3m4r,RING,nsd,10,5,50,1,general,True,True,128,100,43,True,5,5,5,5000,500,nsd-general-norm-stalk1-h50,crossed-ring,100.0,44,0.4474937915802002,1.0,0.4474937915802002,100.0,0,0.4474937915802002,1.0,0.4474937915802002,1.0,0.4474937915802002,0.9576171875,0.4777953989803791
agrmqppr,transfer-crossed-ring-nsd-general-norm-stalk1-h50-fdim5-dist10-size20-seed43,finished,graph-transfer-paper-classical-vs-sheaf-runpod,2026-06-03T19:19:26Z,https://wandb.ai/luigifracassetti-universit-degli-studi-di-milano-bicocca/on-oversquashing-transfer-RunPod/runs/agrmqppr,RING,nsd,20,10,50,1,general,True,True,128,100,43,True,5,5,5,5000,500,nsd-general-norm-stalk1-h50,crossed-ring,21.2,5,1.6119277477264404,0.212,1.6119277477264404,17.4,0,1.6119028329849243,0.174,1.6119028329849243,0.174,1.6119028329849243,0.1978515625,1.609356850385666
phc5k49d,transfer-crossed-ring-nsd-general-norm-stalk1-h50-fdim5-dist15-size30-seed43,finished,graph-transfer-paper-classical-vs-sheaf-runpod,2026-06-03T21:25:52Z,https://wandb.ai/luigifracassetti-universit-degli-studi-di-milano-bicocca/on-oversquashing-transfer-RunPod/runs/phc5k49d,RING,nsd,30,15,50,1,general,True,True,128,100,43,True,5,5,5,5000,500,nsd-general-norm-stalk1-h50,crossed-ring,21.2,3,1.6080331802368164,0.212,1.6080331802368164,18.4,0,1.6110719442367554,0.184,1.6110719442367554,0.184,1.6110719442367554,0.2123046875,1.6091628462076186
ek4gvdj1,transfer-crossed-ring-nsd-general-norm-stalk3-h10-fdim5-dist1-size2-seed43,finished,graph-transfer-paper-classical-vs-sheaf-runpod,2026-06-03T17:50:28Z,https://wandb.ai/luigifracassetti-universit-degli-studi-di-milano-bicocca/on-oversquashing-transfer-RunPod/runs/ek4gvdj1,RING,nsd,2,1,10,3,general,True,True,128,100,43,True,5,5,5,5000,500,nsd-general-norm-stalk3-h10,crossed-ring,100.0,0,1.3890763521194458,1.0,1.3890763521194458,100.0,0,1.3890763521194458,1.0,1.3890763521194458,1.0,1.3890763521194458,0.597265625,1.4818588644266129
v7jszkbd,transfer-crossed-ring-nsd-general-norm-stalk3-h10-fdim5-dist3-size6-seed43,finished,graph-transfer-paper-classical-vs-sheaf-runpod,2026-06-03T17:56:04Z,https://wandb.ai/luigifracassetti-universit-degli-studi-di-milano-bicocca/on-oversquashing-transfer-RunPod/runs/v7jszkbd,RING,nsd,6,3,10,3,general,True,True,128,100,43,True,5,5,5,5000,500,nsd-general-norm-stalk3-h10,crossed-ring,100.0,2,1.0123661756515503,1.0,1.0123661756515503,100.0,0,1.0123661756515503,1.0,1.0123661756515503,1.0,1.0123661756515503,0.9435546875,1.123485952615738
81g19q77,transfer-crossed-ring-nsd-general-norm-stalk3-h10-fdim5-dist5-size10-seed43,finished,graph-transfer-paper-classical-vs-sheaf-runpod,2026-06-03T18:23:55Z,https://wandb.ai/luigifracassetti-universit-degli-studi-di-milano-bicocca/on-oversquashing-transfer-RunPod/runs/81g19q77,RING,nsd,10,5,10,3,general,True,True,128,100,43,True,5,5,5,5000,500,nsd-general-norm-stalk3-h10,crossed-ring,100.0,1,1.2173396348953247,1.0,1.2173396348953247,100.0,0,1.2173396348953247,1.0,1.2173396348953247,1.0,1.2173396348953247,0.748828125,1.3479720950126648
ae8j1xdu,transfer-crossed-ring-nsd-general-norm-stalk3-h10-fdim5-dist10-size20-seed43,finished,graph-transfer-paper-classical-vs-sheaf-runpod,2026-06-03T19:25:38Z,https://wandb.ai/luigifracassetti-universit-degli-studi-di-milano-bicocca/on-oversquashing-transfer-RunPod/runs/ae8j1xdu,RING,nsd,20,10,10,3,general,True,True,128,100,43,True,5,5,5,5000,500,nsd-general-norm-stalk3-h10,crossed-ring,24.6,14,1.6097934246063232,0.246,1.6097934246063232,18.4,0,1.6109800338745115,0.184,1.6109800338745115,0.184,1.6109800338745115,0.1998046875,1.6094519764184951
am68j8l1,transfer-crossed-ring-nsd-general-norm-stalk3-h10-fdim5-dist15-size30-seed43,finished,graph-transfer-paper-classical-vs-sheaf-runpod,2026-06-03T21:31:31Z,https://wandb.ai/luigifracassetti-universit-degli-studi-di-milano-bicocca/on-oversquashing-transfer-RunPod/runs/am68j8l1,RING,nsd,30,15,10,3,general,True,True,128,100,43,True,5,5,5,5000,500,nsd-general-norm-stalk3-h10,crossed-ring,24.6,2,1.6091383695602417,0.246,1.6091383695602417,17.4,0,1.611175298690796,0.174,1.611175298690796,0.174,1.611175298690796,0.2095703125,1.6093075782060624
4p9mq7i8,transfer-crossed-ring-nsd-general-norm-stalk3-h100-fdim5-dist1-size2-seed43,finished,graph-transfer-paper-classical-vs-sheaf-runpod,2026-06-03T17:50:40Z,https://wandb.ai/luigifracassetti-universit-degli-studi-di-milano-bicocca/on-oversquashing-transfer-RunPod/runs/4p9mq7i8,RING,nsd,2,1,100,3,general,True,True,128,100,43,True,5,5,5,5000,500,nsd-general-norm-stalk3-h100,crossed-ring,100.0,0,1.0015350580215454,1.0,1.0015350580215454,100.0,0,1.0015350580215454,1.0,1.0015350580215454,1.0,1.0015350580215454,0.83515625,1.3048981785774232
y6hlpvxd,transfer-crossed-ring-nsd-general-norm-stalk3-h100-fdim5-dist3-size6-seed43,finished,graph-transfer-paper-classical-vs-sheaf-runpod,2026-06-03T17:56:28Z,https://wandb.ai/luigifracassetti-universit-degli-studi-di-milano-bicocca/on-oversquashing-transfer-RunPod/runs/y6hlpvxd,RING,nsd,6,3,100,3,general,True,True,128,100,43,True,5,5,5,5000,500,nsd-general-norm-stalk3-h100,crossed-ring,100.0,0,1.243017315864563,1.0,1.243017315864563,100.0,0,1.243017315864563,1.0,1.243017315864563,1.0,1.243017315864563,0.5255859375,1.5080304980278014
b26er2ds,transfer-crossed-ring-nsd-general-norm-stalk3-h100-fdim5-dist5-size10-seed43,finished,graph-transfer-paper-classical-vs-sheaf-runpod,2026-06-03T18:24:42Z,https://wandb.ai/luigifracassetti-universit-degli-studi-di-milano-bicocca/on-oversquashing-transfer-RunPod/runs/b26er2ds,RING,nsd,10,5,100,3,general,True,True,128,100,43,True,5,5,5,5000,500,nsd-general-norm-stalk3-h100,crossed-ring,100.0,3,0.43644553422927856,1.0,0.43644553422927856,100.0,0,0.43644553422927856,1.0,0.43644553422927856,1.0,0.43644553422927856,0.9478515625,0.5587195314466953
onihscb3,transfer-crossed-ring-nsd-general-norm-stalk3-h100-fdim5-dist10-size20-seed43,finished,graph-transfer-paper-classical-vs-sheaf-runpod,2026-06-03T19:30:29Z,https://wandb.ai/luigifracassetti-universit-degli-studi-di-milano-bicocca/on-oversquashing-transfer-RunPod/runs/onihscb3,RING,nsd,20,10,100,3,general,True,True,128,100,43,True,5,5,5,5000,500,nsd-general-norm-stalk3-h100,crossed-ring,24.6,8,1.608275055885315,0.246,1.608275055885315,17.4,0,1.611049771308899,0.174,1.611049771308899,0.174,1.611049771308899,0.1978515625,1.6095497846603393
4e2ptesh,transfer-crossed-ring-nsd-general-norm-stalk3-h100-fdim5-dist15-size30-seed43,finished,graph-transfer-paper-classical-vs-sheaf-runpod,2026-06-03T21:40:22Z,https://wandb.ai/luigifracassetti-universit-degli-studi-di-milano-bicocca/on-oversquashing-transfer-RunPod/runs/4e2ptesh,RING,nsd,30,15,100,3,general,True,True,128,100,43,True,5,5,5,5000,500,nsd-general-norm-stalk3-h100,crossed-ring,21.2,9,1.610929012298584,0.212,1.610929012298584,17.4,0,1.61095130443573,0.174,1.61095130443573,0.174,1.61095130443573,0.1947265625,1.6096006006002426
ymt7spzg,transfer-crossed-ring-nsd-general-norm-stalk3-h200-fdim5-dist1-size2-seed43,finished,graph-transfer-paper-classical-vs-sheaf-runpod,2026-06-03T17:50:41Z,https://wandb.ai/luigifracassetti-universit-degli-studi-di-milano-bicocca/on-oversquashing-transfer-RunPod/runs/ymt7spzg,RING,nsd,2,1,200,3,general,True,True,128,100,43,True,5,5,5,5000,500,nsd-general-norm-stalk3-h200,crossed-ring,100.0,0,0.8090614080429077,1.0,0.8090614080429077,100.0,0,0.8090614080429077,1.0,0.8090614080429077,1.0,0.8090614080429077,0.9318359375,1.2195824936032296
g56y3vw0,transfer-crossed-ring-nsd-general-norm-stalk3-h200-fdim5-dist3-size6-seed43,finished,graph-transfer-paper-classical-vs-sheaf-runpod,2026-06-03T17:56:31Z,https://wandb.ai/luigifracassetti-universit-degli-studi-di-milano-bicocca/on-oversquashing-transfer-RunPod/runs/g56y3vw0,RING,nsd,6,3,200,3,general,True,True,128,100,43,True,5,5,5,5000,500,nsd-general-norm-stalk3-h200,crossed-ring,100.0,0,0.8866623640060425,1.0,0.8866623640060425,100.0,0,0.8866623640060425,1.0,0.8866623640060425,1.0,0.8866623640060425,0.7283203125,1.335229644179344
e8zb4oif,transfer-crossed-ring-nsd-general-norm-stalk3-h200-fdim5-dist5-size10-seed43,finished,graph-transfer-paper-classical-vs-sheaf-runpod,2026-06-03T18:24:48Z,https://wandb.ai/luigifracassetti-universit-degli-studi-di-milano-bicocca/on-oversquashing-transfer-RunPod/runs/e8zb4oif,RING,nsd,10,5,200,3,general,True,True,128,100,43,True,5,5,5,5000,500,nsd-general-norm-stalk3-h200,crossed-ring,21.2,9,1.612985372543335,0.212,1.612985372543335,17.4,0,1.6113994121551514,0.174,1.6113994121551514,0.174,1.6113994121551514,0.206640625,1.6093401253223418
nxl024eg,transfer-crossed-ring-nsd-general-norm-stalk3-h200-fdim5-dist10-size20-seed43,finished,graph-transfer-paper-classical-vs-sheaf-runpod,2026-06-03T19:33:20Z,https://wandb.ai/luigifracassetti-universit-degli-studi-di-milano-bicocca/on-oversquashing-transfer-RunPod/runs/nxl024eg,RING,nsd,20,10,200,3,general,True,True,128,100,43,True,5,5,5,5000,500,nsd-general-norm-stalk3-h200,crossed-ring,24.6,8,1.6056838035583496,0.246,1.6056838035583496,17.4,0,1.611322045326233,0.174,1.611322045326233,0.174,1.611322045326233,0.206640625,1.609262329339981
b5gs774z,transfer-crossed-ring-nsd-general-norm-stalk3-h200-fdim5-dist15-size30-seed43,finished,graph-transfer-paper-classical-vs-sheaf-runpod,2026-06-03T21:45:27Z,https://wandb.ai/luigifracassetti-universit-degli-studi-di-milano-bicocca/on-oversquashing-transfer-RunPod/runs/b5gs774z,RING,nsd,30,15,200,3,general,True,True,128,100,43,True,5,5,5,5000,500,nsd-general-norm-stalk3-h200,crossed-ring,24.6,2,1.6063789129257202,0.246,1.6063789129257202,17.4,0,1.6113784313201904,0.174,1.6113784313201904,0.174,1.6113784313201904,0.2052734375,1.6093345165252686
zbtjwvwd,transfer-crossed-ring-nsd-general-norm-stalk3-h50-fdim5-dist1-size2-seed43,finished,graph-transfer-paper-classical-vs-sheaf-runpod,2026-06-03T17:50:29Z,https://wandb.ai/luigifracassetti-universit-degli-studi-di-milano-bicocca/on-oversquashing-transfer-RunPod/runs/zbtjwvwd,RING,nsd,2,1,50,3,general,True,True,128,100,43,True,5,5,5,5000,500,nsd-general-norm-stalk3-h50,crossed-ring,100.0,0,1.163156270980835,1.0,1.163156270980835,100.0,0,1.163156270980835,1.0,1.163156270980835,1.0,1.163156270980835,0.9384765625,1.3831491202116013
9s4w3tiv,transfer-crossed-ring-nsd-general-norm-stalk3-h50-fdim5-dist3-size6-seed43,finished,graph-transfer-paper-classical-vs-sheaf-runpod,2026-06-03T17:56:17Z,https://wandb.ai/luigifracassetti-universit-degli-studi-di-milano-bicocca/on-oversquashing-transfer-RunPod/runs/9s4w3tiv,RING,nsd,6,3,50,3,general,True,True,128,100,43,True,5,5,5,5000,500,nsd-general-norm-stalk3-h50,crossed-ring,100.0,0,1.182233810424805,1.0,1.182233810424805,100.0,0,1.182233810424805,1.0,1.182233810424805,1.0,1.182233810424805,0.734375,1.428865882754326
oszkbfvk,transfer-crossed-ring-nsd-general-norm-stalk3-h50-fdim5-dist5-size10-seed43,finished,graph-transfer-paper-classical-vs-sheaf-runpod,2026-06-03T18:24:11Z,https://wandb.ai/luigifracassetti-universit-degli-studi-di-milano-bicocca/on-oversquashing-transfer-RunPod/runs/oszkbfvk,RING,nsd,10,5,50,3,general,True,True,128,100,43,True,5,5,5,5000,500,nsd-general-norm-stalk3-h50,crossed-ring,100.0,11,0.3488161265850067,1.0,0.3488161265850067,100.0,0,0.3488161265850067,1.0,0.3488161265850067,1.0,0.3488161265850067,0.86015625,0.3667543441057205
0976r10q,transfer-crossed-ring-nsd-general-norm-stalk3-h50-fdim5-dist10-size20-seed43,finished,graph-transfer-paper-classical-vs-sheaf-runpod,2026-06-03T19:28:15Z,https://wandb.ai/luigifracassetti-universit-degli-studi-di-milano-bicocca/on-oversquashing-transfer-RunPod/runs/0976r10q,RING,nsd,20,10,50,3,general,True,True,128,100,43,True,5,5,5,5000,500,nsd-general-norm-stalk3-h50,crossed-ring,24.6,6,1.6082825660705566,0.246,1.6082825660705566,17.4,0,1.6111245155334473,0.174,1.6111245155334473,0.174,1.6111245155334473,0.209375,1.609198123216629
5l3dyw3o,transfer-crossed-ring-nsd-general-norm-stalk3-h50-fdim5-dist15-size30-seed43,finished,graph-transfer-paper-classical-vs-sheaf-runpod,2026-06-03T21:37:18Z,https://wandb.ai/luigifracassetti-universit-degli-studi-di-milano-bicocca/on-oversquashing-transfer-RunPod/runs/5l3dyw3o,RING,nsd,30,15,50,3,general,True,True,128,100,43,True,5,5,5,5000,500,nsd-general-norm-stalk3-h50,crossed-ring,24.6,2,1.608752727508545,0.246,1.608752727508545,17.4,0,1.6111689805984497,0.174,1.6111689805984497,0.174,1.6111689805984497,0.205859375,1.6093038648366929
i3k4rcen,transfer-crossed-ring-nsd-general-norm-stalk5-h10-fdim5-dist1-size2-seed43,finished,graph-transfer-paper-classical-vs-sheaf-runpod,2026-06-03T17:50:52Z,https://wandb.ai/luigifracassetti-universit-degli-studi-di-milano-bicocca/on-oversquashing-transfer-RunPod/runs/i3k4rcen,RING,nsd,2,1,10,5,general,True,True,128,100,43,True,5,5,5,5000,500,nsd-general-norm-stalk5-h10,crossed-ring,100.0,0,1.3062514066696167,1.0,1.3062514066696167,100.0,0,1.3062514066696167,1.0,1.3062514066696167,1.0,1.3062514066696167,0.854296875,1.4547810286283491
g0gh4lqg,transfer-crossed-ring-nsd-general-norm-stalk5-h10-fdim5-dist3-size6-seed43,finished,graph-transfer-paper-classical-vs-sheaf-runpod,2026-06-03T17:56:41Z,https://wandb.ai/luigifracassetti-universit-degli-studi-di-milano-bicocca/on-oversquashing-transfer-RunPod/runs/g0gh4lqg,RING,nsd,6,3,10,5,general,True,True,128,100,43,True,5,5,5,5000,500,nsd-general-norm-stalk5-h10,crossed-ring,100.0,1,1.0350762605667114,1.0,1.0350762605667114,100.0,0,1.0350762605667114,1.0,1.0350762605667114,1.0,1.0350762605667114,0.9751953125,1.2016075164079667
99ylg2aw,transfer-crossed-ring-nsd-general-norm-stalk5-h10-fdim5-dist5-size10-seed43,finished,graph-transfer-paper-classical-vs-sheaf-runpod,2026-06-03T18:25:16Z,https://wandb.ai/luigifracassetti-universit-degli-studi-di-milano-bicocca/on-oversquashing-transfer-RunPod/runs/99ylg2aw,RING,nsd,10,5,10,5,general,True,True,128,100,43,True,5,5,5,5000,500,nsd-general-norm-stalk5-h10,crossed-ring,100.0,2,0.9302124977111816,1.0,0.9302124977111816,100.0,0,0.9302124977111816,1.0,0.9302124977111816,1.0,0.9302124977111816,0.963671875,1.0783549129962922
wvidz1xx,transfer-crossed-ring-nsd-general-norm-stalk5-h10-fdim5-dist10-size20-seed43,finished,graph-transfer-paper-classical-vs-sheaf-runpod,2026-06-03T19:36:32Z,https://wandb.ai/luigifracassetti-universit-degli-studi-di-milano-bicocca/on-oversquashing-transfer-RunPod/runs/wvidz1xx,RING,nsd,20,10,10,5,general,True,True,128,100,43,True,5,5,5,5000,500,nsd-general-norm-stalk5-h10,crossed-ring,24.6,2,1.6050007343292236,0.246,1.6050007343292236,18.4,0,1.611034274101257,0.184,1.611034274101257,0.184,1.611034274101257,0.1939453125,1.6094591230154038
8bwyxdqw,transfer-crossed-ring-nsd-general-norm-stalk5-h10-fdim5-dist15-size30-seed43,finished,graph-transfer-paper-classical-vs-sheaf-runpod,2026-06-03T21:53:00Z,https://wandb.ai/luigifracassetti-universit-degli-studi-di-milano-bicocca/on-oversquashing-transfer-RunPod/runs/8bwyxdqw,RING,nsd,30,15,10,5,general,True,True,128,100,43,True,5,5,5,5000,500,nsd-general-norm-stalk5-h10,crossed-ring,24.6,1,1.6049869060516355,0.246,1.6049869060516355,17.4,0,1.6113004684448242,0.174,1.6113004684448242,0.174,1.6113004684448242,0.20078125,1.6092336237430571
mx1x3b17,transfer-crossed-ring-nsd-general-norm-stalk5-h100-fdim5-dist1-size2-seed43,finished,graph-transfer-paper-classical-vs-sheaf-runpod,2026-06-03T17:51:04Z,https://wandb.ai/luigifracassetti-universit-degli-studi-di-milano-bicocca/on-oversquashing-transfer-RunPod/runs/mx1x3b17,RING,nsd,2,1,100,5,general,True,True,128,100,43,True,5,5,5,5000,500,nsd-general-norm-stalk5-h100,crossed-ring,100.0,0,0.9324988722801208,1.0,0.9324988722801208,100.0,0,0.9324988722801208,1.0,0.9324988722801208,1.0,0.9324988722801208,0.886328125,1.2843421429395676
cevs9gpx,transfer-crossed-ring-nsd-general-norm-stalk5-h100-fdim5-dist3-size6-seed43,finished,graph-transfer-paper-classical-vs-sheaf-runpod,2026-06-03T17:56:54Z,https://wandb.ai/luigifracassetti-universit-degli-studi-di-milano-bicocca/on-oversquashing-transfer-RunPod/runs/cevs9gpx,RING,nsd,6,3,100,5,general,True,True,128,100,43,True,5,5,5,5000,500,nsd-general-norm-stalk5-h100,crossed-ring,100.0,0,1.075433611869812,1.0,1.075433611869812,100.0,0,1.075433611869812,1.0,1.075433611869812,1.0,1.075433611869812,0.7048828125,1.4251521050930025
7bjc0j03,transfer-crossed-ring-nsd-general-norm-stalk5-h100-fdim5-dist5-size10-seed43,finished,graph-transfer-paper-classical-vs-sheaf-runpod,2026-06-03T18:25:56Z,https://wandb.ai/luigifracassetti-universit-degli-studi-di-milano-bicocca/on-oversquashing-transfer-RunPod/runs/7bjc0j03,RING,nsd,10,5,100,5,general,True,True,128,100,43,True,5,5,5,5000,500,nsd-general-norm-stalk5-h100,crossed-ring,100.0,4,0.6189013123512268,1.0,0.6189013123512268,100.0,0,0.6189013123512268,1.0,0.6189013123512268,1.0,0.6189013123512268,0.6279296875,0.6413497164845466
ucr9da5c,transfer-crossed-ring-nsd-general-norm-stalk5-h100-fdim5-dist10-size20-seed43,finished,graph-transfer-paper-classical-vs-sheaf-runpod,2026-06-03T19:41:39Z,https://wandb.ai/luigifracassetti-universit-degli-studi-di-milano-bicocca/on-oversquashing-transfer-RunPod/runs/ucr9da5c,RING,nsd,20,10,100,5,general,True,True,128,100,43,True,5,5,5,5000,500,nsd-general-norm-stalk5-h100,crossed-ring,21.2,1,1.608646035194397,0.212,1.608646035194397,17.4,0,1.610903024673462,0.174,1.610903024673462,0.174,1.610903024673462,0.1962890625,1.609362676739693
jm671xm0,transfer-crossed-ring-nsd-general-norm-stalk5-h100-fdim5-dist15-size30-seed43,finished,graph-transfer-paper-classical-vs-sheaf-runpod,2026-06-03T22:02:59Z,https://wandb.ai/luigifracassetti-universit-degli-studi-di-milano-bicocca/on-oversquashing-transfer-RunPod/runs/jm671xm0,RING,nsd,30,15,100,5,general,True,True,128,100,43,True,5,5,5,5000,500,nsd-general-norm-stalk5-h100,crossed-ring,21.2,1,1.6167556047439575,0.212,1.6167556047439575,17.4,0,1.6108827590942385,0.174,1.6108827590942385,0.174,1.6108827590942385,0.206640625,1.6093851178884506
m78h53ix,transfer-crossed-ring-nsd-general-norm-stalk5-h200-fdim5-dist1-size2-seed43,finished,graph-transfer-paper-classical-vs-sheaf-runpod,2026-06-03T17:51:05Z,https://wandb.ai/luigifracassetti-universit-degli-studi-di-milano-bicocca/on-oversquashing-transfer-RunPod/runs/m78h53ix,RING,nsd,2,1,200,5,general,True,True,128,100,43,True,5,5,5,5000,500,nsd-general-norm-stalk5-h200,crossed-ring,100.0,0,0.7225443124771118,1.0,0.7225443124771118,100.0,0,0.7225443124771118,1.0,0.7225443124771118,1.0,0.7225443124771118,0.96328125,1.1764282166957856
mcz48cuv,transfer-crossed-ring-nsd-general-norm-stalk5-h200-fdim5-dist3-size6-seed43,finished,graph-transfer-paper-classical-vs-sheaf-runpod,2026-06-03T17:56:56Z,https://wandb.ai/luigifracassetti-universit-degli-studi-di-milano-bicocca/on-oversquashing-transfer-RunPod/runs/mcz48cuv,RING,nsd,6,3,200,5,general,True,True,128,100,43,True,5,5,5,5000,500,nsd-general-norm-stalk5-h200,crossed-ring,100.0,0,0.7690873742103577,1.0,0.7690873742103577,100.0,0,0.7690873742103577,1.0,0.7690873742103577,1.0,0.7690873742103577,0.8146484375,1.275592130422592
x12g9bvm,transfer-crossed-ring-nsd-general-norm-stalk5-h200-fdim5-dist5-size10-seed43,finished,graph-transfer-paper-classical-vs-sheaf-runpod,2026-06-03T18:26:17Z,https://wandb.ai/luigifracassetti-universit-degli-studi-di-milano-bicocca/on-oversquashing-transfer-RunPod/runs/x12g9bvm,RING,nsd,10,5,200,5,general,True,True,128,100,43,True,5,5,5,5000,500,nsd-general-norm-stalk5-h200,crossed-ring,24.6,8,1.6097819805145264,0.246,1.6097819805145264,17.4,0,1.6112056970596311,0.174,1.6112056970596311,0.174,1.6112056970596311,0.20078125,1.6096004843711853
hebsun08,transfer-crossed-ring-nsd-general-norm-stalk5-h200-fdim5-dist10-size20-seed43,finished,graph-transfer-paper-classical-vs-sheaf-runpod,2026-06-03T19:43:48Z,https://wandb.ai/luigifracassetti-universit-degli-studi-di-milano-bicocca/on-oversquashing-transfer-RunPod/runs/hebsun08,RING,nsd,20,10,200,5,general,True,True,128,100,43,True,5,5,5,5000,500,nsd-general-norm-stalk5-h200,crossed-ring,24.6,0,1.6050702333450315,0.246,1.6050702333450315,17.4,0,1.611594557762146,0.174,1.611594557762146,0.174,1.611594557762146,0.1978515625,1.6095810800790786
slkbp4ho,transfer-crossed-ring-nsd-general-norm-stalk5-h200-fdim5-dist15-size30-seed43,finished,graph-transfer-paper-classical-vs-sheaf-runpod,2026-06-03T22:06:17Z,https://wandb.ai/luigifracassetti-universit-degli-studi-di-milano-bicocca/on-oversquashing-transfer-RunPod/runs/slkbp4ho,RING,nsd,30,15,200,5,general,True,True,128,100,43,True,5,5,5,5000,500,nsd-general-norm-stalk5-h200,crossed-ring,24.6,0,1.608026385307312,0.246,1.608026385307312,17.4,0,1.611608862876892,0.174,1.611608862876892,0.174,1.611608862876892,0.209765625,1.6093188673257828
a8997jk4,transfer-crossed-ring-nsd-general-norm-stalk5-h50-fdim5-dist1-size2-seed43,finished,graph-transfer-paper-classical-vs-sheaf-runpod,2026-06-03T17:50:53Z,https://wandb.ai/luigifracassetti-universit-degli-studi-di-milano-bicocca/on-oversquashing-transfer-RunPod/runs/a8997jk4,RING,nsd,2,1,50,5,general,True,True,128,100,43,True,5,5,5,5000,500,nsd-general-norm-stalk5-h50,crossed-ring,100.0,0,1.1023927927017212,1.0,1.1023927927017212,100.0,0,1.1023927927017212,1.0,1.1023927927017212,1.0,1.1023927927017212,0.89609375,1.3609899252653122
j6b1uxhx,transfer-crossed-ring-nsd-general-norm-stalk5-h50-fdim5-dist3-size6-seed43,finished,graph-transfer-paper-classical-vs-sheaf-runpod,2026-06-03T17:56:43Z,https://wandb.ai/luigifracassetti-universit-degli-studi-di-milano-bicocca/on-oversquashing-transfer-RunPod/runs/j6b1uxhx,RING,nsd,6,3,50,5,general,True,True,128,100,43,True,5,5,5,5000,500,nsd-general-norm-stalk5-h50,crossed-ring,100.0,0,1.2212282419204712,1.0,1.2212282419204712,100.0,0,1.2212282419204712,1.0,1.2212282419204712,1.0,1.2212282419204712,0.6951171875,1.4626125276088715
frb3tkwh,transfer-crossed-ring-nsd-general-norm-stalk5-h50-fdim5-dist5-size10-seed43,finished,graph-transfer-paper-classical-vs-sheaf-runpod,2026-06-03T18:25:41Z,https://wandb.ai/luigifracassetti-universit-degli-studi-di-milano-bicocca/on-oversquashing-transfer-RunPod/runs/frb3tkwh,RING,nsd,10,5,50,5,general,True,True,128,100,43,True,5,5,5,5000,500,nsd-general-norm-stalk5-h50,crossed-ring,100.0,1,0.7914223670959473,1.0,0.7914223670959473,100.0,0,0.7914223670959473,1.0,0.7914223670959473,1.0,0.7914223670959473,0.8685546875,1.0496613278985023
tr2myv1s,transfer-crossed-ring-nsd-general-norm-stalk5-h50-fdim5-dist10-size20-seed43,finished,graph-transfer-paper-classical-vs-sheaf-runpod,2026-06-03T19:37:57Z,https://wandb.ai/luigifracassetti-universit-degli-studi-di-milano-bicocca/on-oversquashing-transfer-RunPod/runs/tr2myv1s,RING,nsd,20,10,50,5,general,True,True,128,100,43,True,5,5,5,5000,500,nsd-general-norm-stalk5-h50,crossed-ring,24.6,4,1.6079140901565552,0.246,1.6079140901565552,18.4,0,1.6112256050109863,0.184,1.6112256050109863,0.184,1.6112256050109863,0.20625,1.609216445684433
n7g3wml2,transfer-crossed-ring-nsd-general-norm-stalk5-h50-fdim5-dist15-size30-seed43,finished,graph-transfer-paper-classical-vs-sheaf-runpod,2026-06-03T21:54:04Z,https://wandb.ai/luigifracassetti-universit-degli-studi-di-milano-bicocca/on-oversquashing-transfer-RunPod/runs/n7g3wml2,RING,nsd,30,15,50,5,general,True,True,128,100,43,True,5,5,5,5000,500,nsd-general-norm-stalk5-h50,crossed-ring,24.6,3,1.6073119640350342,0.246,1.6073119640350342,17.4,0,1.6117280721664429,0.174,1.6117280721664429,0.174,1.6117280721664429,0.2091796875,1.6092584818601607
2uemp4pz,transfer-crossed-ring-nsd-orthogonal-nonnorm-noattn-stalk1-h10-fdim5-dist1-size2-seed43,finished,graph-transfer-paper-classical-vs-sheaf-runpod,2026-06-03T17:50:02Z,https://wandb.ai/luigifracassetti-universit-degli-studi-di-milano-bicocca/on-oversquashing-transfer-RunPod/runs/2uemp4pz,RING,nsd,2,1,10,1,orthogonal,False,False,128,100,43,True,5,5,5,5000,500,nsd-orthogonal-nonnorm-noattn-stalk1-h10,crossed-ring,100.0,2,1.3688205480575562,1.0,1.3688205480575562,100.0,0,1.3688205480575562,1.0,1.3688205480575562,1.0,1.3688205480575562,0.774609375,1.4722858905792235
pc2m94t6,transfer-crossed-ring-nsd-orthogonal-nonnorm-noattn-stalk1-h10-fdim5-dist3-size6-seed43,finished,graph-transfer-paper-classical-vs-sheaf-runpod,2026-06-03T17:55:05Z,https://wandb.ai/luigifracassetti-universit-degli-studi-di-milano-bicocca/on-oversquashing-transfer-RunPod/runs/pc2m94t6,RING,nsd,6,3,10,1,orthogonal,False,False,128,100,43,True,5,5,5,5000,500,nsd-orthogonal-nonnorm-noattn-stalk1-h10,crossed-ring,100.0,21,0.5107035040855408,1.0,0.5107035040855408,100.0,0,0.5107035040855408,1.0,0.5107035040855408,1.0,0.5107035040855408,0.936328125,0.5888763442635536
lk26w8kf,transfer-crossed-ring-nsd-orthogonal-nonnorm-noattn-stalk1-h10-fdim5-dist5-size10-seed43,finished,graph-transfer-paper-classical-vs-sheaf-runpod,2026-06-03T18:16:33Z,https://wandb.ai/luigifracassetti-universit-degli-studi-di-milano-bicocca/on-oversquashing-transfer-RunPod/runs/lk26w8kf,RING,nsd,10,5,10,1,orthogonal,False,False,128,100,43,True,5,5,5,5000,500,nsd-orthogonal-nonnorm-noattn-stalk1-h10,crossed-ring,24.6,7,1.6086549758911133,0.246,1.6086549758911133,17.4,0,1.6111137866973877,0.174,1.6111137866973877,0.174,1.6111137866973877,0.1978515625,1.6092623353004456
yxw0swe8,transfer-crossed-ring-nsd-orthogonal-nonnorm-noattn-stalk1-h10-fdim5-dist10-size20-seed43,finished,graph-transfer-paper-classical-vs-sheaf-runpod,2026-06-03T19:15:23Z,https://wandb.ai/luigifracassetti-universit-degli-studi-di-milano-bicocca/on-oversquashing-transfer-RunPod/runs/yxw0swe8,RING,nsd,20,10,10,1,orthogonal,False,False,128,100,43,True,5,5,5,5000,500,nsd-orthogonal-nonnorm-noattn-stalk1-h10,crossed-ring,21.2,0,1.6172871589660645,0.212,1.6172871589660645,17.4,0,1.6111809015274048,0.174,1.6111809015274048,0.174,1.6111809015274048,0.20078125,1.6093434333801269
g7bpyjhm,transfer-crossed-ring-nsd-orthogonal-nonnorm-noattn-stalk1-h10-fdim5-dist15-size30-seed43,finished,graph-transfer-paper-classical-vs-sheaf-runpod,2026-06-03T21:21:17Z,https://wandb.ai/luigifracassetti-universit-degli-studi-di-milano-bicocca/on-oversquashing-transfer-RunPod/runs/g7bpyjhm,RING,nsd,30,15,10,1,orthogonal,False,False,128,100,43,True,5,5,5,5000,500,nsd-orthogonal-nonnorm-noattn-stalk1-h10,crossed-ring,24.6,0,1.6042224168777466,0.246,1.6042224168777466,18.4,0,1.611082673072815,0.184,1.611082673072815,0.184,1.611082673072815,0.202734375,1.60946629345417
hd77mgzq,transfer-crossed-ring-nsd-orthogonal-nonnorm-noattn-stalk1-h100-fdim5-dist1-size2-seed43,finished,graph-transfer-paper-classical-vs-sheaf-runpod,2026-06-03T17:50:15Z,https://wandb.ai/luigifracassetti-universit-degli-studi-di-milano-bicocca/on-oversquashing-transfer-RunPod/runs/hd77mgzq,RING,nsd,2,1,100,1,orthogonal,False,False,128,100,43,True,5,5,5,5000,500,nsd-orthogonal-nonnorm-noattn-stalk1-h100,crossed-ring,100.0,0,0.8559067249298096,1.0,0.8559067249298096,100.0,0,0.8559067249298096,1.0,0.8559067249298096,1.0,0.8559067249298096,0.83046875,1.313671274483204
70er6qa9,transfer-crossed-ring-nsd-orthogonal-nonnorm-noattn-stalk1-h100-fdim5-dist3-size6-seed43,finished,graph-transfer-paper-classical-vs-sheaf-runpod,2026-06-03T17:55:46Z,https://wandb.ai/luigifracassetti-universit-degli-studi-di-milano-bicocca/on-oversquashing-transfer-RunPod/runs/70er6qa9,RING,nsd,6,3,100,1,orthogonal,False,False,128,100,43,True,5,5,5,5000,500,nsd-orthogonal-nonnorm-noattn-stalk1-h100,crossed-ring,100.0,2,0.27667349576950073,1.0,0.27667349576950073,100.0,0,0.27667349576950073,1.0,0.27667349576950073,1.0,0.27667349576950073,0.8314453125,0.7750169187784195
uwgzfhgq,transfer-crossed-ring-nsd-orthogonal-nonnorm-noattn-stalk1-h100-fdim5-dist5-size10-seed43,finished,graph-transfer-paper-classical-vs-sheaf-runpod,2026-06-03T18:20:07Z,https://wandb.ai/luigifracassetti-universit-degli-studi-di-milano-bicocca/on-oversquashing-transfer-RunPod/runs/uwgzfhgq,RING,nsd,10,5,100,1,orthogonal,False,False,128,100,43,True,5,5,5,5000,500,nsd-orthogonal-nonnorm-noattn-stalk1-h100,crossed-ring,24.6,5,1.616552710533142,0.246,1.616552710533142,17.4,0,1.6113039255142212,0.174,1.6113039255142212,0.174,1.6113039255142212,0.19296875,1.6095590144395828
clfrzac6,transfer-crossed-ring-nsd-orthogonal-nonnorm-noattn-stalk1-h100-fdim5-dist10-size20-seed43,finished,graph-transfer-paper-classical-vs-sheaf-runpod,2026-06-03T19:20:02Z,https://wandb.ai/luigifracassetti-universit-degli-studi-di-milano-bicocca/on-oversquashing-transfer-RunPod/runs/clfrzac6,RING,nsd,20,10,100,1,orthogonal,False,False,128,100,43,True,5,5,5,5000,500,nsd-orthogonal-nonnorm-noattn-stalk1-h100,crossed-ring,24.6,16,1.6090409755706787,0.246,1.6090409755706787,18.4,0,1.610799789428711,0.184,1.610799789428711,0.184,1.610799789428711,0.196875,1.609751507639885
4vm2xhp9,transfer-crossed-ring-nsd-orthogonal-nonnorm-noattn-stalk1-h100-fdim5-dist15-size30-seed43,finished,graph-transfer-paper-classical-vs-sheaf-runpod,2026-06-03T21:26:18Z,https://wandb.ai/luigifracassetti-universit-degli-studi-di-milano-bicocca/on-oversquashing-transfer-RunPod/runs/4vm2xhp9,RING,nsd,30,15,100,1,orthogonal,False,False,128,100,43,True,5,5,5,5000,500,nsd-orthogonal-nonnorm-noattn-stalk1-h100,crossed-ring,24.6,10,1.611603021621704,0.246,1.611603021621704,18.4,0,1.6122729778289795,0.184,1.6122729778289795,0.184,1.6122729778289795,0.1998046875,1.6096411019563674
gsfjw869,transfer-crossed-ring-nsd-orthogonal-nonnorm-noattn-stalk1-h200-fdim5-dist1-size2-seed43,finished,graph-transfer-paper-classical-vs-sheaf-runpod,2026-06-03T17:50:17Z,https://wandb.ai/luigifracassetti-universit-degli-studi-di-milano-bicocca/on-oversquashing-transfer-RunPod/runs/gsfjw869,RING,nsd,2,1,200,1,orthogonal,False,False,128,100,43,True,5,5,5,5000,500,nsd-orthogonal-nonnorm-noattn-stalk1-h200,crossed-ring,100.0,0,0.03721524402499199,1.0,0.03721524402499199,100.0,0,0.03721524402499199,1.0,0.03721524402499199,1.0,0.03721524402499199,0.9580078125,0.5520477273501456
i71f9mh6,transfer-crossed-ring-nsd-orthogonal-nonnorm-noattn-stalk1-h200-fdim5-dist3-size6-seed43,finished,graph-transfer-paper-classical-vs-sheaf-runpod,2026-06-03T17:55:49Z,https://wandb.ai/luigifracassetti-universit-degli-studi-di-milano-bicocca/on-oversquashing-transfer-RunPod/runs/i71f9mh6,RING,nsd,6,3,200,1,orthogonal,False,False,128,100,43,True,5,5,5,5000,500,nsd-orthogonal-nonnorm-noattn-stalk1-h200,crossed-ring,100.0,1,0.01860960014164448,1.0,0.01860960014164448,100.0,0,0.01860960014164448,1.0,0.01860960014164448,1.0,0.01860960014164448,0.9701171875,0.4925084753893316
jny8v70y,transfer-crossed-ring-nsd-orthogonal-nonnorm-noattn-stalk1-h200-fdim5-dist5-size10-seed43,finished,graph-transfer-paper-classical-vs-sheaf-runpod,2026-06-03T18:21:07Z,https://wandb.ai/luigifracassetti-universit-degli-studi-di-milano-bicocca/on-oversquashing-transfer-RunPod/runs/jny8v70y,RING,nsd,10,5,200,1,orthogonal,False,False,128,100,43,True,5,5,5,5000,500,nsd-orthogonal-nonnorm-noattn-stalk1-h200,crossed-ring,24.6,5,1.6128606796264648,0.246,1.6128606796264648,17.4,0,1.6107892990112305,0.174,1.6107892990112305,0.174,1.6107892990112305,0.20078125,1.6094613254070282
mz668rhs,transfer-crossed-ring-nsd-orthogonal-nonnorm-noattn-stalk1-h200-fdim5-dist10-size20-seed43,finished,graph-transfer-paper-classical-vs-sheaf-runpod,2026-06-03T19:21:47Z,https://wandb.ai/luigifracassetti-universit-degli-studi-di-milano-bicocca/on-oversquashing-transfer-RunPod/runs/mz668rhs,RING,nsd,20,10,200,1,orthogonal,False,False,128,100,43,True,5,5,5,5000,500,nsd-orthogonal-nonnorm-noattn-stalk1-h200,crossed-ring,24.6,0,1.6206018924713137,0.246,1.6206018924713137,21.2,0,1.6119117736816406,0.212,1.6119117736816406,0.212,1.6119117736816406,0.193359375,1.6100935906171798
d17o87sl,transfer-crossed-ring-nsd-orthogonal-nonnorm-noattn-stalk1-h200-fdim5-dist15-size30-seed43,finished,graph-transfer-paper-classical-vs-sheaf-runpod,2026-06-03T21:28:32Z,https://wandb.ai/luigifracassetti-universit-degli-studi-di-milano-bicocca/on-oversquashing-transfer-RunPod/runs/d17o87sl,RING,nsd,30,15,200,1,orthogonal,False,False,128,100,43,True,5,5,5,5000,500,nsd-orthogonal-nonnorm-noattn-stalk1-h200,crossed-ring,24.6,2,1.632428765296936,0.246,1.632428765296936,17.4,0,1.6125560998916626,0.174,1.6125560998916626,0.174,1.6125560998916626,0.2037109375,1.6101958572864532
r8vxno9m,transfer-crossed-ring-nsd-orthogonal-nonnorm-noattn-stalk1-h50-fdim5-dist1-size2-seed43,finished,graph-transfer-paper-classical-vs-sheaf-runpod,2026-06-03T17:50:05Z,https://wandb.ai/luigifracassetti-universit-degli-studi-di-milano-bicocca/on-oversquashing-transfer-RunPod/runs/r8vxno9m,RING,nsd,2,1,50,1,orthogonal,False,False,128,100,43,True,5,5,5,5000,500,nsd-orthogonal-nonnorm-noattn-stalk1-h50,crossed-ring,100.0,0,0.6951114535331726,1.0,0.6951114535331726,100.0,0,0.6951114535331726,1.0,0.6951114535331726,1.0,0.6951114535331726,0.776171875,1.1774085268378258
ptpj4wwq,transfer-crossed-ring-nsd-orthogonal-nonnorm-noattn-stalk1-h50-fdim5-dist3-size6-seed43,finished,graph-transfer-paper-classical-vs-sheaf-runpod,2026-06-03T17:55:13Z,https://wandb.ai/luigifracassetti-universit-degli-studi-di-milano-bicocca/on-oversquashing-transfer-RunPod/runs/ptpj4wwq,RING,nsd,6,3,50,1,orthogonal,False,False,128,100,43,True,5,5,5,5000,500,nsd-orthogonal-nonnorm-noattn-stalk1-h50,crossed-ring,100.0,3,0.30015459656715393,1.0,0.30015459656715393,100.0,0,0.30015459656715393,1.0,0.30015459656715393,1.0,0.30015459656715393,0.93984375,0.7744781676679849
qk0gdx4p,transfer-crossed-ring-nsd-orthogonal-nonnorm-noattn-stalk1-h50-fdim5-dist5-size10-seed43,finished,graph-transfer-paper-classical-vs-sheaf-runpod,2026-06-03T18:18:27Z,https://wandb.ai/luigifracassetti-universit-degli-studi-di-milano-bicocca/on-oversquashing-transfer-RunPod/runs/qk0gdx4p,RING,nsd,10,5,50,1,orthogonal,False,False,128,100,43,True,5,5,5,5000,500,nsd-orthogonal-nonnorm-noattn-stalk1-h50,crossed-ring,24.6,4,1.607066988945007,0.246,1.607066988945007,17.4,0,1.6116724014282229,0.174,1.6116724014282229,0.174,1.6116724014282229,0.1916015625,1.6092855989933017
8lrl3a5f,transfer-crossed-ring-nsd-orthogonal-nonnorm-noattn-stalk1-h50-fdim5-dist10-size20-seed43,finished,graph-transfer-paper-classical-vs-sheaf-runpod,2026-06-03T19:17:13Z,https://wandb.ai/luigifracassetti-universit-degli-studi-di-milano-bicocca/on-oversquashing-transfer-RunPod/runs/8lrl3a5f,RING,nsd,20,10,50,1,orthogonal,False,False,128,100,43,True,5,5,5,5000,500,nsd-orthogonal-nonnorm-noattn-stalk1-h50,crossed-ring,24.6,4,1.6052006483078003,0.246,1.6052006483078003,18.4,0,1.610454797744751,0.184,1.610454797744751,0.184,1.610454797744751,0.19609375,1.6094632565975189
cja077yo,transfer-crossed-ring-nsd-orthogonal-nonnorm-noattn-stalk1-h50-fdim5-dist15-size30-seed43,finished,graph-transfer-paper-classical-vs-sheaf-runpod,2026-06-03T21:21:45Z,https://wandb.ai/luigifracassetti-universit-degli-studi-di-milano-bicocca/on-oversquashing-transfer-RunPod/runs/cja077yo,RING,nsd,30,15,50,1,orthogonal,False,False,128,100,43,True,5,5,5,5000,500,nsd-orthogonal-nonnorm-noattn-stalk1-h50,crossed-ring,24.6,4,1.6039016246795654,0.246,1.6039016246795654,18.4,0,1.611215353012085,0.184,1.611215353012085,0.184,1.611215353012085,0.2005859375,1.6095913261175157
u66isocn,transfer-crossed-ring-nsd-orthogonal-nonnorm-noattn-stalk3-h10-fdim5-dist1-size2-seed43,finished,graph-transfer-paper-classical-vs-sheaf-runpod,2026-06-03T17:50:27Z,https://wandb.ai/luigifracassetti-universit-degli-studi-di-milano-bicocca/on-oversquashing-transfer-RunPod/runs/u66isocn,RING,nsd,2,1,10,3,orthogonal,False,False,128,100,43,True,5,5,5,5000,500,nsd-orthogonal-nonnorm-noattn-stalk3-h10,crossed-ring,100.0,0,1.0167686939239502,1.0,1.0167686939239502,100.0,0,1.0167686939239502,1.0,1.0167686939239502,1.0,1.0167686939239502,0.77421875,1.289900779724121
ovon25zp,transfer-crossed-ring-nsd-orthogonal-nonnorm-noattn-stalk3-h10-fdim5-dist3-size6-seed43,finished,graph-transfer-paper-classical-vs-sheaf-runpod,2026-06-03T17:56:02Z,https://wandb.ai/luigifracassetti-universit-degli-studi-di-milano-bicocca/on-oversquashing-transfer-RunPod/runs/ovon25zp,RING,nsd,6,3,10,3,orthogonal,False,False,128,100,43,True,5,5,5,5000,500,nsd-orthogonal-nonnorm-noattn-stalk3-h10,crossed-ring,100.0,1,0.5886146426200867,1.0,0.5886146426200867,100.0,0,0.5886146426200867,1.0,0.5886146426200867,1.0,0.5886146426200867,0.8533203125,0.9357291013002396
5bbq40tj,transfer-crossed-ring-nsd-orthogonal-nonnorm-noattn-stalk3-h10-fdim5-dist5-size10-seed43,finished,graph-transfer-paper-classical-vs-sheaf-runpod,2026-06-03T18:23:41Z,https://wandb.ai/luigifracassetti-universit-degli-studi-di-milano-bicocca/on-oversquashing-transfer-RunPod/runs/5bbq40tj,RING,nsd,10,5,10,3,orthogonal,False,False,128,100,43,True,5,5,5,5000,500,nsd-orthogonal-nonnorm-noattn-stalk3-h10,crossed-ring,100.0,2,0.598400890827179,1.0,0.598400890827179,100.0,0,0.598400890827179,1.0,0.598400890827179,1.0,0.598400890827179,0.742578125,0.8526521936058998
x5dvwpb9,transfer-crossed-ring-nsd-orthogonal-nonnorm-noattn-stalk3-h10-fdim5-dist10-size20-seed43,finished,graph-transfer-paper-classical-vs-sheaf-runpod,2026-06-03T19:24:09Z,https://wandb.ai/luigifracassetti-universit-degli-studi-di-milano-bicocca/on-oversquashing-transfer-RunPod/runs/x5dvwpb9,RING,nsd,20,10,10,3,orthogonal,False,False,128,100,43,True,5,5,5,5000,500,nsd-orthogonal-nonnorm-noattn-stalk3-h10,crossed-ring,24.6,34,1.6079758405685425,0.246,1.6079758405685425,18.4,0,1.6114904880523682,0.184,1.6114904880523682,0.184,1.6114904880523682,0.1998046875,1.6095187336206436
mfyth3c0,transfer-crossed-ring-nsd-orthogonal-nonnorm-noattn-stalk3-h10-fdim5-dist15-size30-seed43,finished,graph-transfer-paper-classical-vs-sheaf-runpod,2026-06-03T21:31:04Z,https://wandb.ai/luigifracassetti-universit-degli-studi-di-milano-bicocca/on-oversquashing-transfer-RunPod/runs/mfyth3c0,RING,nsd,30,15,10,3,orthogonal,False,False,128,100,43,True,5,5,5,5000,500,nsd-orthogonal-nonnorm-noattn-stalk3-h10,crossed-ring,24.6,7,1.6131654977798462,0.246,1.6131654977798462,17.4,0,1.6117457151412964,0.174,1.6117457151412964,0.174,1.6117457151412964,0.20078125,1.6097454756498335
s8nfa68e,transfer-crossed-ring-nsd-orthogonal-nonnorm-noattn-stalk3-h100-fdim5-dist1-size2-seed43,finished,graph-transfer-paper-classical-vs-sheaf-runpod,2026-06-03T17:50:38Z,https://wandb.ai/luigifracassetti-universit-degli-studi-di-milano-bicocca/on-oversquashing-transfer-RunPod/runs/s8nfa68e,RING,nsd,2,1,100,3,orthogonal,False,False,128,100,43,True,5,5,5,5000,500,nsd-orthogonal-nonnorm-noattn-stalk3-h100,crossed-ring,100.0,0,0.03253297880291939,1.0,0.03253297880291939,100.0,0,0.03253297880291939,1.0,0.03253297880291939,1.0,0.03253297880291939,0.960546875,0.4530254537239671
6u7f061z,transfer-crossed-ring-nsd-orthogonal-nonnorm-noattn-stalk3-h100-fdim5-dist3-size6-seed43,finished,graph-transfer-paper-classical-vs-sheaf-runpod,2026-06-03T17:56:19Z,https://wandb.ai/luigifracassetti-universit-degli-studi-di-milano-bicocca/on-oversquashing-transfer-RunPod/runs/6u7f061z,RING,nsd,6,3,100,3,orthogonal,False,False,128,100,43,True,5,5,5,5000,500,nsd-orthogonal-nonnorm-noattn-stalk3-h100,crossed-ring,100.0,1,0.017697498202323914,1.0,0.017697498202323914,100.0,0,0.017697498202323914,1.0,0.017697498202323914,1.0,0.017697498202323914,0.9810546875,0.11239566467702387
b0ubvmai,transfer-crossed-ring-nsd-orthogonal-nonnorm-noattn-stalk3-h100-fdim5-dist5-size10-seed43,finished,graph-transfer-paper-classical-vs-sheaf-runpod,2026-06-03T18:24:23Z,https://wandb.ai/luigifracassetti-universit-degli-studi-di-milano-bicocca/on-oversquashing-transfer-RunPod/runs/b0ubvmai,RING,nsd,10,5,100,3,orthogonal,False,False,128,100,43,True,5,5,5,5000,500,nsd-orthogonal-nonnorm-noattn-stalk3-h100,crossed-ring,100.0,3,0.4976815283298493,1.0,0.4976815283298493,100.0,0,0.4976815283298493,1.0,0.4976815283298493,1.0,0.4976815283298493,0.6638671875,0.8859776675701141
6y6cn758,transfer-crossed-ring-nsd-orthogonal-nonnorm-noattn-stalk3-h100-fdim5-dist10-size20-seed43,finished,graph-transfer-paper-classical-vs-sheaf-runpod,2026-06-03T19:28:37Z,https://wandb.ai/luigifracassetti-universit-degli-studi-di-milano-bicocca/on-oversquashing-transfer-RunPod/runs/6y6cn758,RING,nsd,20,10,100,3,orthogonal,False,False,128,100,43,True,5,5,5,5000,500,nsd-orthogonal-nonnorm-noattn-stalk3-h100,crossed-ring,24.6,6,1.6145964860916138,0.246,1.6145964860916138,17.4,0,1.612302541732788,0.174,1.612302541732788,0.174,1.612302541732788,0.1935546875,1.6100807279348373
y942bb3l,transfer-crossed-ring-nsd-orthogonal-nonnorm-noattn-stalk3-h100-fdim5-dist15-size30-seed43,finished,graph-transfer-paper-classical-vs-sheaf-runpod,2026-06-03T21:37:25Z,https://wandb.ai/luigifracassetti-universit-degli-studi-di-milano-bicocca/on-oversquashing-transfer-RunPod/runs/y942bb3l,RING,nsd,30,15,100,3,orthogonal,False,False,128,100,43,True,5,5,5,5000,500,nsd-orthogonal-nonnorm-noattn-stalk3-h100,crossed-ring,24.6,0,1.717556357383728,0.246,1.717556357383728,18.4,0,1.6111184358596802,0.184,1.6111184358596802,0.184,1.6111184358596802,0.1986328125,1.610075569152832
ncw8dkpi,transfer-crossed-ring-nsd-orthogonal-nonnorm-noattn-stalk3-h200-fdim5-dist1-size2-seed43,finished,graph-transfer-paper-classical-vs-sheaf-runpod,2026-06-03T17:50:40Z,https://wandb.ai/luigifracassetti-universit-degli-studi-di-milano-bicocca/on-oversquashing-transfer-RunPod/runs/ncw8dkpi,RING,nsd,2,1,200,3,orthogonal,False,False,128,100,43,True,5,5,5,5000,500,nsd-orthogonal-nonnorm-noattn-stalk3-h200,crossed-ring,100.0,0,0.003979479428380728,1.0,0.003979479428380728,100.0,0,0.003979479428380728,1.0,0.003979479428380728,1.0,0.003979479428380728,0.968359375,0.24436941981548443
sok4yxb3,transfer-crossed-ring-nsd-orthogonal-nonnorm-noattn-stalk3-h200-fdim5-dist3-size6-seed43,finished,graph-transfer-paper-classical-vs-sheaf-runpod,2026-06-03T17:56:30Z,https://wandb.ai/luigifracassetti-universit-degli-studi-di-milano-bicocca/on-oversquashing-transfer-RunPod/runs/sok4yxb3,RING,nsd,6,3,200,3,orthogonal,False,False,128,100,43,True,5,5,5,5000,500,nsd-orthogonal-nonnorm-noattn-stalk3-h200,crossed-ring,100.0,0,0.2802540063858032,1.0,0.2802540063858032,100.0,0,0.2802540063858032,1.0,0.2802540063858032,1.0,0.2802540063858032,0.583203125,1.2354953572154046
tgbt753k,transfer-crossed-ring-nsd-orthogonal-nonnorm-noattn-stalk3-h200-fdim5-dist5-size10-seed43,finished,graph-transfer-paper-classical-vs-sheaf-runpod,2026-06-03T18:24:42Z,https://wandb.ai/luigifracassetti-universit-degli-studi-di-milano-bicocca/on-oversquashing-transfer-RunPod/runs/tgbt753k,RING,nsd,10,5,200,3,orthogonal,False,False,128,100,43,True,5,5,5,5000,500,nsd-orthogonal-nonnorm-noattn-stalk3-h200,crossed-ring,100.0,26,0.04561679810285568,1.0,0.04561679810285568,100.0,0,0.04561679810285568,1.0,0.04561679810285568,1.0,0.04561679810285568,0.987109375,0.12170179085806011
x8umhy53,transfer-crossed-ring-nsd-orthogonal-nonnorm-noattn-stalk3-h200-fdim5-dist10-size20-seed43,finished,graph-transfer-paper-classical-vs-sheaf-runpod,2026-06-03T19:30:37Z,https://wandb.ai/luigifracassetti-universit-degli-studi-di-milano-bicocca/on-oversquashing-transfer-RunPod/runs/x8umhy53,RING,nsd,20,10,200,3,orthogonal,False,False,128,100,43,True,5,5,5,5000,500,nsd-orthogonal-nonnorm-noattn-stalk3-h200,crossed-ring,24.6,10,1.677850604057312,0.246,1.677850604057312,18.4,0,1.6114381551742554,0.184,1.6114381551742554,0.184,1.6114381551742554,0.194921875,1.6108925729990005
wehrvbp8,transfer-crossed-ring-nsd-orthogonal-nonnorm-noattn-stalk3-h200-fdim5-dist15-size30-seed43,finished,graph-transfer-paper-classical-vs-sheaf-runpod,2026-06-03T21:40:34Z,https://wandb.ai/luigifracassetti-universit-degli-studi-di-milano-bicocca/on-oversquashing-transfer-RunPod/runs/wehrvbp8,RING,nsd,30,15,200,3,orthogonal,False,False,128,100,43,True,5,5,5,5000,500,nsd-orthogonal-nonnorm-noattn-stalk3-h200,crossed-ring,24.6,3,1.6609896421432495,0.246,1.6609896421432495,17.4,0,1.610471487045288,0.174,1.610471487045288,0.174,1.610471487045288,0.1998046875,1.611118245124817
y688v5ct,transfer-crossed-ring-nsd-orthogonal-nonnorm-noattn-stalk3-h50-fdim5-dist1-size2-seed43,finished,graph-transfer-paper-classical-vs-sheaf-runpod,2026-06-03T17:50:29Z,https://wandb.ai/luigifracassetti-universit-degli-studi-di-milano-bicocca/on-oversquashing-transfer-RunPod/runs/y688v5ct,RING,nsd,2,1,50,3,orthogonal,False,False,128,100,43,True,5,5,5,5000,500,nsd-orthogonal-nonnorm-noattn-stalk3-h50,crossed-ring,100.0,0,0.14654842019081116,1.0,0.14654842019081116,100.0,0,0.14654842019081116,1.0,0.14654842019081116,1.0,0.14654842019081116,0.946875,0.6804583668708801
c7bt588d,transfer-crossed-ring-nsd-orthogonal-nonnorm-noattn-stalk3-h50-fdim5-dist3-size6-seed43,finished,graph-transfer-paper-classical-vs-sheaf-runpod,2026-06-03T17:56:16Z,https://wandb.ai/luigifracassetti-universit-degli-studi-di-milano-bicocca/on-oversquashing-transfer-RunPod/runs/c7bt588d,RING,nsd,6,3,50,3,orthogonal,False,False,128,100,43,True,5,5,5,5000,500,nsd-orthogonal-nonnorm-noattn-stalk3-h50,crossed-ring,100.0,0,0.5380765795707703,1.0,0.5380765795707703,100.0,0,0.5380765795707703,1.0,0.5380765795707703,1.0,0.5380765795707703,0.6685546875,1.1375767014920712
59mxjppg,transfer-crossed-ring-nsd-orthogonal-nonnorm-noattn-stalk3-h50-fdim5-dist5-size10-seed43,finished,graph-transfer-paper-classical-vs-sheaf-runpod,2026-06-03T18:23:59Z,https://wandb.ai/luigifracassetti-universit-degli-studi-di-milano-bicocca/on-oversquashing-transfer-RunPod/runs/59mxjppg,RING,nsd,10,5,50,3,orthogonal,False,False,128,100,43,True,5,5,5,5000,500,nsd-orthogonal-nonnorm-noattn-stalk3-h50,crossed-ring,100.0,5,0.4374113082885742,1.0,0.4374113082885742,100.0,0,0.4374113082885742,1.0,0.4374113082885742,1.0,0.4374113082885742,0.6548828125,0.6201457485556603
8juka2s6,transfer-crossed-ring-nsd-orthogonal-nonnorm-noattn-stalk3-h50-fdim5-dist10-size20-seed43,finished,graph-transfer-paper-classical-vs-sheaf-runpod,2026-06-03T19:25:57Z,https://wandb.ai/luigifracassetti-universit-degli-studi-di-milano-bicocca/on-oversquashing-transfer-RunPod/runs/8juka2s6,RING,nsd,20,10,50,3,orthogonal,False,False,128,100,43,True,5,5,5,5000,500,nsd-orthogonal-nonnorm-noattn-stalk3-h50,crossed-ring,24.6,3,1.63133704662323,0.246,1.63133704662323,17.4,0,1.6125563383102417,0.174,1.6125563383102417,0.174,1.6125563383102417,0.1919921875,1.6096107006072995
yr0y2mys,transfer-crossed-ring-nsd-orthogonal-nonnorm-noattn-stalk3-h50-fdim5-dist15-size30-seed43,finished,graph-transfer-paper-classical-vs-sheaf-runpod,2026-06-03T21:33:43Z,https://wandb.ai/luigifracassetti-universit-degli-studi-di-milano-bicocca/on-oversquashing-transfer-RunPod/runs/yr0y2mys,RING,nsd,30,15,50,3,orthogonal,False,False,128,100,43,True,5,5,5,5000,500,nsd-orthogonal-nonnorm-noattn-stalk3-h50,crossed-ring,24.6,9,1.8642785549163816,0.246,1.8642785549163816,18.4,0,1.6116291284561155,0.184,1.6116291284561155,0.184,1.6116291284561155,0.202734375,1.609749585390091
i6sohhxz,transfer-crossed-ring-nsd-orthogonal-nonnorm-noattn-stalk5-h10-fdim5-dist1-size2-seed43,finished,graph-transfer-paper-classical-vs-sheaf-runpod,2026-06-03T17:50:49Z,https://wandb.ai/luigifracassetti-universit-degli-studi-di-milano-bicocca/on-oversquashing-transfer-RunPod/runs/i6sohhxz,RING,nsd,2,1,10,5,orthogonal,False,False,128,100,43,True,5,5,5,5000,500,nsd-orthogonal-nonnorm-noattn-stalk5-h10,crossed-ring,100.0,0,0.7409889101982117,1.0,0.7409889101982117,100.0,0,0.7409889101982117,1.0,0.7409889101982117,1.0,0.7409889101982117,0.842578125,1.1517026335000993
5pswzigh,transfer-crossed-ring-nsd-orthogonal-nonnorm-noattn-stalk5-h10-fdim5-dist3-size6-seed43,finished,graph-transfer-paper-classical-vs-sheaf-runpod,2026-06-03T17:56:33Z,https://wandb.ai/luigifracassetti-universit-degli-studi-di-milano-bicocca/on-oversquashing-transfer-RunPod/runs/5pswzigh,RING,nsd,6,3,10,5,orthogonal,False,False,128,100,43,True,5,5,5,5000,500,nsd-orthogonal-nonnorm-noattn-stalk5-h10,crossed-ring,100.0,0,0.6698299646377563,1.0,0.6698299646377563,100.0,0,0.6698299646377563,1.0,0.6698299646377563,1.0,0.6698299646377563,0.7744140625,1.137363533675671
9zswlaqs,transfer-crossed-ring-nsd-orthogonal-nonnorm-noattn-stalk5-h10-fdim5-dist5-size10-seed43,finished,graph-transfer-paper-classical-vs-sheaf-runpod,2026-06-03T18:25:01Z,https://wandb.ai/luigifracassetti-universit-degli-studi-di-milano-bicocca/on-oversquashing-transfer-RunPod/runs/9zswlaqs,RING,nsd,10,5,10,5,orthogonal,False,False,128,100,43,True,5,5,5,5000,500,nsd-orthogonal-nonnorm-noattn-stalk5-h10,crossed-ring,100.0,1,0.8324857354164124,1.0,0.8324857354164124,100.0,0,0.8324857354164124,1.0,0.8324857354164124,1.0,0.8324857354164124,0.77578125,1.0600245490670204
azp33kgu,transfer-crossed-ring-nsd-orthogonal-nonnorm-noattn-stalk5-h10-fdim5-dist10-size20-seed43,finished,graph-transfer-paper-classical-vs-sheaf-runpod,2026-06-03T19:33:32Z,https://wandb.ai/luigifracassetti-universit-degli-studi-di-milano-bicocca/on-oversquashing-transfer-RunPod/runs/azp33kgu,RING,nsd,20,10,10,5,orthogonal,False,False,128,100,43,True,5,5,5,5000,500,nsd-orthogonal-nonnorm-noattn-stalk5-h10,crossed-ring,24.6,0,1.7291532754898071,0.246,1.7291532754898071,17.4,0,1.61191987991333,0.174,1.61191987991333,0.174,1.61191987991333,0.2001953125,1.6097685247659683
olpdlnzc,transfer-crossed-ring-nsd-orthogonal-nonnorm-noattn-stalk5-h10-fdim5-dist15-size30-seed43,finished,graph-transfer-paper-classical-vs-sheaf-runpod,2026-06-03T21:47:44Z,https://wandb.ai/luigifracassetti-universit-degli-studi-di-milano-bicocca/on-oversquashing-transfer-RunPod/runs/olpdlnzc,RING,nsd,30,15,10,5,orthogonal,False,False,128,100,43,True,5,5,5,5000,500,nsd-orthogonal-nonnorm-noattn-stalk5-h10,crossed-ring,24.6,3,1.636393427848816,0.246,1.636393427848816,18.4,0,1.610868215560913,0.184,1.610868215560913,0.184,1.610868215560913,0.1919921875,1.6097888112068175
aec98q2s,transfer-crossed-ring-nsd-orthogonal-nonnorm-noattn-stalk5-h100-fdim5-dist1-size2-seed43,finished,graph-transfer-paper-classical-vs-sheaf-runpod,2026-06-03T17:51:00Z,https://wandb.ai/luigifracassetti-universit-degli-studi-di-milano-bicocca/on-oversquashing-transfer-RunPod/runs/aec98q2s,RING,nsd,2,1,100,5,orthogonal,False,False,128,100,43,True,5,5,5,5000,500,nsd-orthogonal-nonnorm-noattn-stalk5-h100,crossed-ring,100.0,0,0.00963056180626154,1.0,0.00963056180626154,100.0,0,0.00963056180626154,1.0,0.00963056180626154,1.0,0.00963056180626154,0.957421875,0.33218447798863054
q82qykkm,transfer-crossed-ring-nsd-orthogonal-nonnorm-noattn-stalk5-h100-fdim5-dist3-size6-seed43,finished,graph-transfer-paper-classical-vs-sheaf-runpod,2026-06-03T17:56:46Z,https://wandb.ai/luigifracassetti-universit-degli-studi-di-milano-bicocca/on-oversquashing-transfer-RunPod/runs/q82qykkm,RING,nsd,6,3,100,5,orthogonal,False,False,128,100,43,True,5,5,5,5000,500,nsd-orthogonal-nonnorm-noattn-stalk5-h100,crossed-ring,100.0,0,0.13037142157554626,1.0,0.13037142157554626,100.0,0,0.13037142157554626,1.0,0.13037142157554626,1.0,0.13037142157554626,0.6181640625,0.9937308210879564
pkwukw5w,transfer-crossed-ring-nsd-orthogonal-nonnorm-noattn-stalk5-h100-fdim5-dist5-size10-seed43,finished,graph-transfer-paper-classical-vs-sheaf-runpod,2026-06-03T18:25:49Z,https://wandb.ai/luigifracassetti-universit-degli-studi-di-milano-bicocca/on-oversquashing-transfer-RunPod/runs/pkwukw5w,RING,nsd,10,5,100,5,orthogonal,False,False,128,100,43,True,5,5,5,5000,500,nsd-orthogonal-nonnorm-noattn-stalk5-h100,crossed-ring,100.0,12,0.062986359000206,1.0,0.062986359000206,100.0,0,0.062986359000206,1.0,0.062986359000206,1.0,0.062986359000206,0.8794921875,0.28999171145260333
vlof2vyu,transfer-crossed-ring-nsd-orthogonal-nonnorm-noattn-stalk5-h100-fdim5-dist10-size20-seed43,finished,graph-transfer-paper-classical-vs-sheaf-runpod,2026-06-03T19:41:39Z,https://wandb.ai/luigifracassetti-universit-degli-studi-di-milano-bicocca/on-oversquashing-transfer-RunPod/runs/vlof2vyu,RING,nsd,20,10,100,5,orthogonal,False,False,128,100,43,True,5,5,5,5000,500,nsd-orthogonal-nonnorm-noattn-stalk5-h100,crossed-ring,24.6,5,1.6475261449813845,0.246,1.6475261449813845,18.4,0,1.6122221946716309,0.184,1.6122221946716309,0.184,1.6122221946716309,0.1986328125,1.6099281072616578
kr4ijj0w,transfer-crossed-ring-nsd-orthogonal-nonnorm-noattn-stalk5-h100-fdim5-dist15-size30-seed43,finished,graph-transfer-paper-classical-vs-sheaf-runpod,2026-06-03T22:00:48Z,https://wandb.ai/luigifracassetti-universit-degli-studi-di-milano-bicocca/on-oversquashing-transfer-RunPod/runs/kr4ijj0w,RING,nsd,30,15,100,5,orthogonal,False,False,128,100,43,True,5,5,5,5000,500,nsd-orthogonal-nonnorm-noattn-stalk5-h100,crossed-ring,24.6,18,1.6106146574020386,0.246,1.6106146574020386,17.4,0,1.6154661178588867,0.174,1.6154661178588867,0.174,1.6154661178588867,0.198828125,1.6107797861099242
o5vsnhmk,transfer-crossed-ring-nsd-orthogonal-nonnorm-noattn-stalk5-h200-fdim5-dist1-size2-seed43,finished,graph-transfer-paper-classical-vs-sheaf-runpod,2026-06-03T17:51:04Z,https://wandb.ai/luigifracassetti-universit-degli-studi-di-milano-bicocca/on-oversquashing-transfer-RunPod/runs/o5vsnhmk,RING,nsd,2,1,200,5,orthogonal,False,False,128,100,43,True,5,5,5,5000,500,nsd-orthogonal-nonnorm-noattn-stalk5-h200,crossed-ring,100.0,0,0.0013497464824467895,1.0,0.0013497464824467895,100.0,0,0.0013497464824467895,1.0,0.0013497464824467895,1.0,0.0013497464824467895,0.975,0.1952275953255594
eosmbmh3,transfer-crossed-ring-nsd-orthogonal-nonnorm-noattn-stalk5-h200-fdim5-dist3-size6-seed43,finished,graph-transfer-paper-classical-vs-sheaf-runpod,2026-06-03T17:56:55Z,https://wandb.ai/luigifracassetti-universit-degli-studi-di-milano-bicocca/on-oversquashing-transfer-RunPod/runs/eosmbmh3,RING,nsd,6,3,200,5,orthogonal,False,False,128,100,43,True,5,5,5,5000,500,nsd-orthogonal-nonnorm-noattn-stalk5-h200,crossed-ring,100.0,0,0.17448894679546356,1.0,0.17448894679546356,100.0,0,0.17448894679546356,1.0,0.17448894679546356,1.0,0.17448894679546356,0.5123046875,1.2617882162332534
i0g9bios,transfer-crossed-ring-nsd-orthogonal-nonnorm-noattn-stalk5-h200-fdim5-dist5-size10-seed43,finished,graph-transfer-paper-classical-vs-sheaf-runpod,2026-06-03T18:25:58Z,https://wandb.ai/luigifracassetti-universit-degli-studi-di-milano-bicocca/on-oversquashing-transfer-RunPod/runs/i0g9bios,RING,nsd,10,5,200,5,orthogonal,False,False,128,100,43,True,5,5,5,5000,500,nsd-orthogonal-nonnorm-noattn-stalk5-h200,crossed-ring,100.0,15,0.04615151137113571,1.0,0.04615151137113571,100.0,0,0.04615151137113571,1.0,0.04615151137113571,1.0,0.04615151137113571,0.8705078125,0.3702105284202844
2zw337by,transfer-crossed-ring-nsd-orthogonal-nonnorm-noattn-stalk5-h200-fdim5-dist10-size20-seed43,finished,graph-transfer-paper-classical-vs-sheaf-runpod,2026-06-03T19:42:35Z,https://wandb.ai/luigifracassetti-universit-degli-studi-di-milano-bicocca/on-oversquashing-transfer-RunPod/runs/2zw337by,RING,nsd,20,10,200,5,orthogonal,False,False,128,100,43,True,5,5,5,5000,500,nsd-orthogonal-nonnorm-noattn-stalk5-h200,crossed-ring,24.6,20,1.6301109790802002,0.246,1.6301109790802002,21.2,0,1.6113635301589966,0.212,1.6113635301589966,0.212,1.6113635301589966,0.193359375,1.6102523237466813
d2ih5km6,transfer-crossed-ring-nsd-orthogonal-nonnorm-noattn-stalk5-h200-fdim5-dist15-size30-seed43,finished,graph-transfer-paper-classical-vs-sheaf-runpod,2026-06-03T22:05:10Z,https://wandb.ai/luigifracassetti-universit-degli-studi-di-milano-bicocca/on-oversquashing-transfer-RunPod/runs/d2ih5km6,RING,nsd,30,15,200,5,orthogonal,False,False,128,100,43,True,5,5,5,5000,500,nsd-orthogonal-nonnorm-noattn-stalk5-h200,crossed-ring,24.6,1,2.121142625808716,0.246,2.121142625808716,17.4,0,1.6110825538635254,0.174,1.6110825538635254,0.174,1.6110825538635254,0.191796875,1.6105575025081635
nzbvkvsb,transfer-crossed-ring-nsd-orthogonal-nonnorm-noattn-stalk5-h50-fdim5-dist1-size2-seed43,finished,graph-transfer-paper-classical-vs-sheaf-runpod,2026-06-03T17:50:52Z,https://wandb.ai/luigifracassetti-universit-degli-studi-di-milano-bicocca/on-oversquashing-transfer-RunPod/runs/nzbvkvsb,RING,nsd,2,1,50,5,orthogonal,False,False,128,100,43,True,5,5,5,5000,500,nsd-orthogonal-nonnorm-noattn-stalk5-h50,crossed-ring,100.0,0,0.06086085736751557,1.0,0.06086085736751557,100.0,0,0.06086085736751557,1.0,0.06086085736751557,1.0,0.06086085736751557,0.944140625,0.5440635837614536
5oimqgp0,transfer-crossed-ring-nsd-orthogonal-nonnorm-noattn-stalk5-h50-fdim5-dist3-size6-seed43,finished,graph-transfer-paper-classical-vs-sheaf-runpod,2026-06-03T17:56:42Z,https://wandb.ai/luigifracassetti-universit-degli-studi-di-milano-bicocca/on-oversquashing-transfer-RunPod/runs/5oimqgp0,RING,nsd,6,3,50,5,orthogonal,False,False,128,100,43,True,5,5,5,5000,500,nsd-orthogonal-nonnorm-noattn-stalk5-h50,crossed-ring,100.0,0,0.08973177522420883,1.0,0.08973177522420883,100.0,0,0.08973177522420883,1.0,0.08973177522420883,1.0,0.08973177522420883,0.830078125,0.7363006362691522
puq99u2p,transfer-crossed-ring-nsd-orthogonal-nonnorm-noattn-stalk5-h50-fdim5-dist5-size10-seed43,finished,graph-transfer-paper-classical-vs-sheaf-runpod,2026-06-03T18:25:33Z,https://wandb.ai/luigifracassetti-universit-degli-studi-di-milano-bicocca/on-oversquashing-transfer-RunPod/runs/puq99u2p,RING,nsd,10,5,50,5,orthogonal,False,False,128,100,43,True,5,5,5,5000,500,nsd-orthogonal-nonnorm-noattn-stalk5-h50,crossed-ring,100.0,6,0.242004856467247,1.0,0.242004856467247,100.0,0,0.242004856467247,1.0,0.242004856467247,1.0,0.242004856467247,0.7783203125,0.5502981975674629
96wa5zw1,transfer-crossed-ring-nsd-orthogonal-nonnorm-noattn-stalk5-h50-fdim5-dist10-size20-seed43,finished,graph-transfer-paper-classical-vs-sheaf-runpod,2026-06-03T19:37:06Z,https://wandb.ai/luigifracassetti-universit-degli-studi-di-milano-bicocca/on-oversquashing-transfer-RunPod/runs/96wa5zw1,RING,nsd,20,10,50,5,orthogonal,False,False,128,100,43,True,5,5,5,5000,500,nsd-orthogonal-nonnorm-noattn-stalk5-h50,crossed-ring,24.6,6,1.6432781219482422,0.246,1.6432781219482422,18.4,0,1.6100574731826782,0.184,1.6100574731826782,0.184,1.6100574731826782,0.1986328125,1.6098861396312714
pykd101t,transfer-crossed-ring-nsd-orthogonal-nonnorm-noattn-stalk5-h50-fdim5-dist15-size30-seed43,finished,graph-transfer-paper-classical-vs-sheaf-runpod,2026-06-03T21:53:27Z,https://wandb.ai/luigifracassetti-universit-degli-studi-di-milano-bicocca/on-oversquashing-transfer-RunPod/runs/pykd101t,RING,nsd,30,15,50,5,orthogonal,False,False,128,100,43,True,5,5,5,5000,500,nsd-orthogonal-nonnorm-noattn-stalk5-h50,crossed-ring,24.6,9,1.6635147333145142,0.246,1.6635147333145142,17.4,0,1.6113890409469604,0.174,1.6113890409469604,0.174,1.6113890409469604,0.1921875,1.6100781828165054
j1fn2imm,transfer-crossed-ring-classic-sage-h64-fdim5-dist1-size2-seed43,finished,graph-transfer-paper-classical-vs-sheaf-runpod,2026-06-03T17:49:53Z,https://wandb.ai/luigifracassetti-universit-degli-studi-di-milano-bicocca/on-oversquashing-transfer-RunPod/runs/j1fn2imm,RING,sage,2,1,64,1,general,True,True,128,100,43,True,5,5,5,5000,500,classic-sage-h64,crossed-ring,100.0,6,1.194042682647705,1.0,1.194042682647705,100.0,0,1.194042682647705,1.0,1.194042682647705,1.0,1.194042682647705,0.9841796875,1.236504825949669
dr1acnll,transfer-crossed-ring-classic-sage-h64-fdim5-dist3-size6-seed43,finished,graph-transfer-paper-classical-vs-sheaf-runpod,2026-06-03T17:55:01Z,https://wandb.ai/luigifracassetti-universit-degli-studi-di-milano-bicocca/on-oversquashing-transfer-RunPod/runs/dr1acnll,RING,sage,6,3,64,1,general,True,True,128,100,43,True,5,5,5,5000,500,classic-sage-h64,crossed-ring,100.0,0,0.5515823364257812,1.0,0.5515823364257812,100.0,0,0.5515823364257812,1.0,0.5515823364257812,1.0,0.5515823364257812,0.8873046875,0.9022976703941822
curvcsp1,transfer-crossed-ring-classic-sage-h64-fdim5-dist5-size10-seed43,finished,graph-transfer-paper-classical-vs-sheaf-runpod,2026-06-03T18:16:23Z,https://wandb.ai/luigifracassetti-universit-degli-studi-di-milano-bicocca/on-oversquashing-transfer-RunPod/runs/curvcsp1,RING,sage,10,5,64,1,general,True,True,128,100,43,True,5,5,5,5000,500,classic-sage-h64,crossed-ring,100.0,0,0.6460551023483276,1.0,0.6460551023483276,100.0,0,0.6460551023483276,1.0,0.6460551023483276,1.0,0.6460551023483276,0.7966796875,0.8990791495889425
8z7jdb29,transfer-crossed-ring-classic-sage-h64-fdim5-dist10-size20-seed43,finished,graph-transfer-paper-classical-vs-sheaf-runpod,2026-06-03T19:15:20Z,https://wandb.ai/luigifracassetti-universit-degli-studi-di-milano-bicocca/on-oversquashing-transfer-RunPod/runs/8z7jdb29,RING,sage,20,10,64,1,general,True,True,128,100,43,True,5,5,5,5000,500,classic-sage-h64,crossed-ring,24.6,79,1.608631610870361,0.246,1.608631610870361,21.2,0,1.6101536750793457,0.212,1.6101536750793457,0.212,1.6101536750793457,0.2474609375,1.5938407212495804
l8wf2ahp,transfer-crossed-ring-classic-sage-h64-fdim5-dist15-size30-seed43,finished,graph-transfer-paper-classical-vs-sheaf-runpod,2026-06-03T21:18:51Z,https://wandb.ai/luigifracassetti-universit-degli-studi-di-milano-bicocca/on-oversquashing-transfer-RunPod/runs/l8wf2ahp,RING,sage,30,15,64,1,general,True,True,128,100,43,True,5,5,5,5000,500,classic-sage-h64,crossed-ring,24.6,2,1.60401713848114,0.246,1.60401713848114,17.4,0,1.618688464164734,0.174,1.618688464164734,0.174,1.618688464164734,0.246484375,1.5926811635494231
ixem9ilr,transfer-ring-classic-gat-h64-fdim5-dist1-size2-seed43,finished,graph-transfer-paper-classical-vs-sheaf-runpod,2026-06-03T17:48:26Z,https://wandb.ai/luigifracassetti-universit-degli-studi-di-milano-bicocca/on-oversquashing-transfer-RunPod/runs/ixem9ilr,RING,gat,2,1,64,1,general,True,True,128,100,43,False,5,5,5,5000,500,classic-gat-h64,ring,100.0,12,1.0570716857910156,1.0,1.0570716857910156,100.0,0,1.0570716857910156,1.0,1.0570716857910156,1.0,1.0570716857910156,0.8314453125,1.090842705965042
iyriubnd,transfer-ring-classic-gat-h64-fdim5-dist3-size6-seed43,finished,graph-transfer-paper-classical-vs-sheaf-runpod,2026-06-03T17:52:39Z,https://wandb.ai/luigifracassetti-universit-degli-studi-di-milano-bicocca/on-oversquashing-transfer-RunPod/runs/iyriubnd,RING,gat,6,3,64,1,general,True,True,128,100,43,False,5,5,5,5000,500,classic-gat-h64,ring,100.0,1,0.033358216285705566,1.0,0.033358216285705566,100.0,0,0.033358216285705566,1.0,0.033358216285705566,1.0,0.033358216285705566,1.0,0.04778308835811913
1pazqdbr,transfer-ring-classic-gat-h64-fdim5-dist5-size10-seed43,finished,graph-transfer-paper-classical-vs-sheaf-runpod,2026-06-03T18:03:17Z,https://wandb.ai/luigifracassetti-universit-degli-studi-di-milano-bicocca/on-oversquashing-transfer-RunPod/runs/1pazqdbr,RING,gat,10,5,64,1,general,True,True,128,100,43,False,5,5,5,5000,500,classic-gat-h64,ring,100.0,1,0.007886203937232494,1.0,0.007886203937232494,100.0,0,0.007886203937232494,1.0,0.007886203937232494,1.0,0.007886203937232494,1.0,0.02228262897115201
f7evfwu9,transfer-ring-classic-gat-h64-fdim5-dist10-size20-seed43,finished,graph-transfer-paper-classical-vs-sheaf-runpod,2026-06-03T18:47:09Z,https://wandb.ai/luigifracassetti-universit-degli-studi-di-milano-bicocca/on-oversquashing-transfer-RunPod/runs/f7evfwu9,RING,gat,20,10,64,1,general,True,True,128,100,43,False,5,5,5,5000,500,classic-gat-h64,ring,100.0,17,0.0986320823431015,1.0,0.0986320823431015,100.0,0,0.0986320823431015,1.0,0.0986320823431015,1.0,0.0986320823431015,1.0,0.039847660018131136
jo0mlfzt,transfer-ring-classic-gat-h64-fdim5-dist15-size30-seed43,finished,graph-transfer-paper-classical-vs-sheaf-runpod,2026-06-03T20:30:50Z,https://wandb.ai/luigifracassetti-universit-degli-studi-di-milano-bicocca/on-oversquashing-transfer-RunPod/runs/jo0mlfzt,RING,gat,30,15,64,1,general,True,True,128,100,43,False,5,5,5,5000,500,classic-gat-h64,ring,24.6,2,1.6063706874847412,0.246,1.6063706874847412,17.4,0,1.6327041387557983,0.174,1.6327041387557983,0.174,1.6327041387557983,0.2560546875,1.5847137331962586
vgtyrki7,transfer-ring-classic-gcn-h64-fdim5-dist1-size2-seed43,finished,graph-transfer-paper-classical-vs-sheaf-runpod,2026-06-03T17:48:25Z,https://wandb.ai/luigifracassetti-universit-degli-studi-di-milano-bicocca/on-oversquashing-transfer-RunPod/runs/vgtyrki7,RING,gcn,2,1,64,1,general,True,True,128,100,43,False,5,5,5,5000,500,classic-gcn-h64,ring,100.0,12,1.129409909248352,1.0,1.129409909248352,100.0,0,1.129409909248352,1.0,1.129409909248352,1.0,1.129409909248352,0.988671875,1.152427354454994
atgcrx6l,transfer-ring-classic-gcn-h64-fdim5-dist3-size6-seed43,finished,graph-transfer-paper-classical-vs-sheaf-runpod,2026-06-03T17:52:36Z,https://wandb.ai/luigifracassetti-universit-degli-studi-di-milano-bicocca/on-oversquashing-transfer-RunPod/runs/atgcrx6l,RING,gcn,6,3,64,1,general,True,True,128,100,43,False,5,5,5,5000,500,classic-gcn-h64,ring,100.0,0,1.1867575645446775,1.0,1.1867575645446775,100.0,0,1.1867575645446775,1.0,1.1867575645446775,1.0,1.1867575645446775,0.919140625,0.7570472799241543
4lhr3ujq,transfer-ring-classic-gcn-h64-fdim5-dist5-size10-seed43,finished,graph-transfer-paper-classical-vs-sheaf-runpod,2026-06-03T18:03:05Z,https://wandb.ai/luigifracassetti-universit-degli-studi-di-milano-bicocca/on-oversquashing-transfer-RunPod/runs/4lhr3ujq,RING,gcn,10,5,64,1,general,True,True,128,100,43,False,5,5,5,5000,500,classic-gcn-h64,ring,100.0,2,0.11296068131923676,1.0,0.11296068131923676,100.0,0,0.11296068131923676,1.0,0.11296068131923676,1.0,0.11296068131923676,1.0,0.09926428031176328
66goy5r3,transfer-ring-classic-gcn-h64-fdim5-dist10-size20-seed43,finished,graph-transfer-paper-classical-vs-sheaf-runpod,2026-06-03T18:46:05Z,https://wandb.ai/luigifracassetti-universit-degli-studi-di-milano-bicocca/on-oversquashing-transfer-RunPod/runs/66goy5r3,RING,gcn,20,10,64,1,general,True,True,128,100,43,False,5,5,5,5000,500,classic-gcn-h64,ring,100.0,56,0.4121839106082916,1.0,0.4121839106082916,100.0,0,0.4121839106082916,1.0,0.4121839106082916,1.0,0.4121839106082916,0.990625,0.28964932151138784
4vzpb5ob,transfer-ring-classic-gcn-h64-fdim5-dist15-size30-seed43,finished,graph-transfer-paper-classical-vs-sheaf-runpod,2026-06-03T20:28:38Z,https://wandb.ai/luigifracassetti-universit-degli-studi-di-milano-bicocca/on-oversquashing-transfer-RunPod/runs/4vzpb5ob,RING,gcn,30,15,64,1,general,True,True,128,100,43,False,5,5,5,5000,500,classic-gcn-h64,ring,24.6,2,1.6079283952713013,0.246,1.6079283952713013,17.4,0,1.6215095520019531,0.174,1.6215095520019531,0.174,1.6215095520019531,0.25234375,1.5871810495853425
jll1rn6l,transfer-ring-classic-gin-h64-fdim5-dist1-size2-seed43,finished,graph-transfer-paper-classical-vs-sheaf-runpod,2026-06-03T17:48:25Z,https://wandb.ai/luigifracassetti-universit-degli-studi-di-milano-bicocca/on-oversquashing-transfer-RunPod/runs/jll1rn6l,RING,gin,2,1,64,1,general,True,True,128,100,43,False,5,5,5,5000,500,classic-gin-h64,ring,100.0,7,0.6214503645896912,1.0,0.6214503645896912,100.0,0,0.6214503645896912,1.0,0.6214503645896912,1.0,0.6214503645896912,0.803125,0.6963872700929642
fh4ceo49,transfer-ring-classic-gin-h64-fdim5-dist3-size6-seed43,finished,graph-transfer-paper-classical-vs-sheaf-runpod,2026-06-03T17:52:39Z,https://wandb.ai/luigifracassetti-universit-degli-studi-di-milano-bicocca/on-oversquashing-transfer-RunPod/runs/fh4ceo49,RING,gin,6,3,64,1,general,True,True,128,100,43,False,5,5,5,5000,500,classic-gin-h64,ring,100.0,2,0.38174116611480713,1.0,0.38174116611480713,100.0,0,0.38174116611480713,1.0,0.38174116611480713,1.0,0.38174116611480713,0.8734375,0.45813198685646056
yfpr0728,transfer-ring-classic-gin-h64-fdim5-dist5-size10-seed43,finished,graph-transfer-paper-classical-vs-sheaf-runpod,2026-06-03T18:03:29Z,https://wandb.ai/luigifracassetti-universit-degli-studi-di-milano-bicocca/on-oversquashing-transfer-RunPod/runs/yfpr0728,RING,gin,10,5,64,1,general,True,True,128,100,43,False,5,5,5,5000,500,classic-gin-h64,ring,100.0,4,0.14182652533054352,1.0,0.14182652533054352,100.0,0,0.14182652533054352,1.0,0.14182652533054352,1.0,0.14182652533054352,1.0,0.21357335448265077
okb1lfdy,transfer-ring-classic-gin-h64-fdim5-dist10-size20-seed43,finished,graph-transfer-paper-classical-vs-sheaf-runpod,2026-06-03T18:47:19Z,https://wandb.ai/luigifracassetti-universit-degli-studi-di-milano-bicocca/on-oversquashing-transfer-RunPod/runs/okb1lfdy,RING,gin,20,10,64,1,general,True,True,128,100,43,False,5,5,5,5000,500,classic-gin-h64,ring,100.0,22,0.3401494026184082,1.0,0.3401494026184082,100.0,0,0.3401494026184082,1.0,0.3401494026184082,1.0,0.3401494026184082,1.0,0.2980204466730356
pqjddalo,transfer-ring-classic-gin-h64-fdim5-dist15-size30-seed43,finished,graph-transfer-paper-classical-vs-sheaf-runpod,2026-06-03T20:32:01Z,https://wandb.ai/luigifracassetti-universit-degli-studi-di-milano-bicocca/on-oversquashing-transfer-RunPod/runs/pqjddalo,RING,gin,30,15,64,1,general,True,True,128,100,43,False,5,5,5,5000,500,classic-gin-h64,ring,18.4,0,1.6415513753890991,0.184,1.6415513753890991,18.4,0,1.6103142499923706,0.184,1.6103142499923706,0.184,1.6103142499923706,0.1998046875,1.6095094859600068
15svmn6s,transfer-ring-nsd-general-norm-stalk1-h10-fdim5-dist1-size2-seed43,finished,graph-transfer-paper-classical-vs-sheaf-runpod,2026-06-03T17:48:38Z,https://wandb.ai/luigifracassetti-universit-degli-studi-di-milano-bicocca/on-oversquashing-transfer-RunPod/runs/15svmn6s,RING,nsd,2,1,10,1,general,True,True,128,100,43,False,5,5,5,5000,500,nsd-general-norm-stalk1-h10,ring,100.0,2,1.1696765422821045,1.0,1.1696765422821045,100.0,0,1.1696765422821045,1.0,1.1696765422821045,1.0,1.1696765422821045,0.9373046875,1.230079025030136
p2sn684o,transfer-ring-nsd-general-norm-stalk1-h10-fdim5-dist3-size6-seed43,finished,graph-transfer-paper-classical-vs-sheaf-runpod,2026-06-03T17:52:52Z,https://wandb.ai/luigifracassetti-universit-degli-studi-di-milano-bicocca/on-oversquashing-transfer-RunPod/runs/p2sn684o,RING,nsd,6,3,10,1,general,True,True,128,100,43,False,5,5,5,5000,500,nsd-general-norm-stalk1-h10,ring,100.0,32,0.6298791766166687,1.0,0.6298791766166687,100.0,0,0.6298791766166687,1.0,0.6298791766166687,1.0,0.6298791766166687,0.8001953125,0.6259003221988678
8tyuiter,transfer-ring-nsd-general-norm-stalk1-h10-fdim5-dist5-size10-seed43,finished,graph-transfer-paper-classical-vs-sheaf-runpod,2026-06-03T18:04:43Z,https://wandb.ai/luigifracassetti-universit-degli-studi-di-milano-bicocca/on-oversquashing-transfer-RunPod/runs/8tyuiter,RING,nsd,10,5,10,1,general,True,True,128,100,43,False,5,5,5,5000,500,nsd-general-norm-stalk1-h10,ring,54.2,44,1.609452724456787,0.542,1.609452724456787,18.4,0,1.7253035306930542,0.184,1.7253035306930542,0.184,1.7253035306930542,0.202734375,1.6973971456289292
sd700s8e,transfer-ring-nsd-general-norm-stalk1-h10-fdim5-dist10-size20-seed43,finished,graph-transfer-paper-classical-vs-sheaf-runpod,2026-06-03T18:47:59Z,https://wandb.ai/luigifracassetti-universit-degli-studi-di-milano-bicocca/on-oversquashing-transfer-RunPod/runs/sd700s8e,RING,nsd,20,10,10,1,general,True,True,128,100,43,False,5,5,5,5000,500,nsd-general-norm-stalk1-h10,ring,21.2,8,1.6109482049942017,0.212,1.6109482049942017,17.4,0,1.6110115051269531,0.174,1.6110115051269531,0.174,1.6110115051269531,0.2037109375,1.60918670296669
9phtqtb0,transfer-ring-nsd-general-norm-stalk1-h10-fdim5-dist15-size30-seed43,finished,graph-transfer-paper-classical-vs-sheaf-runpod,2026-06-03T20:36:11Z,https://wandb.ai/luigifracassetti-universit-degli-studi-di-milano-bicocca/on-oversquashing-transfer-RunPod/runs/9phtqtb0,RING,nsd,30,15,10,1,general,True,True,128,100,43,False,5,5,5,5000,500,nsd-general-norm-stalk1-h10,ring,21.2,0,1.6081007719039917,0.212,1.6081007719039917,18.4,0,1.6113369464874268,0.184,1.6113369464874268,0.184,1.6113369464874268,0.1974609375,1.6093150079250336
dh6yvisv,transfer-ring-nsd-general-norm-stalk1-h100-fdim5-dist1-size2-seed43,finished,graph-transfer-paper-classical-vs-sheaf-runpod,2026-06-03T17:48:51Z,https://wandb.ai/luigifracassetti-universit-degli-studi-di-milano-bicocca/on-oversquashing-transfer-RunPod/runs/dh6yvisv,RING,nsd,2,1,100,1,general,True,True,128,100,43,False,5,5,5,5000,500,nsd-general-norm-stalk1-h100,ring,100.0,0,1.2167617082595823,1.0,1.2167617082595823,100.0,0,1.2167617082595823,1.0,1.2167617082595823,1.0,1.2167617082595823,0.6865234375,1.4471976935863495
wqam29s9,transfer-ring-nsd-general-norm-stalk1-h100-fdim5-dist3-size6-seed43,finished,graph-transfer-paper-classical-vs-sheaf-runpod,2026-06-03T17:53:12Z,https://wandb.ai/luigifracassetti-universit-degli-studi-di-milano-bicocca/on-oversquashing-transfer-RunPod/runs/wqam29s9,RING,nsd,6,3,100,1,general,True,True,128,100,43,False,5,5,5,5000,500,nsd-general-norm-stalk1-h100,ring,21.2,2,1.6088991165161133,0.212,1.6088991165161133,17.4,0,1.611536145210266,0.174,1.611536145210266,0.174,1.611536145210266,0.2095703125,1.6093390315771103
cy5vjzl1,transfer-ring-nsd-general-norm-stalk1-h100-fdim5-dist5-size10-seed43,finished,graph-transfer-paper-classical-vs-sheaf-runpod,2026-06-03T18:07:54Z,https://wandb.ai/luigifracassetti-universit-degli-studi-di-milano-bicocca/on-oversquashing-transfer-RunPod/runs/cy5vjzl1,RING,nsd,10,5,100,1,general,True,True,128,100,43,False,5,5,5,5000,500,nsd-general-norm-stalk1-h100,ring,21.2,1,1.6106125116348269,0.212,1.6106125116348269,17.4,0,1.611469268798828,0.174,1.611469268798828,0.174,1.611469268798828,0.2095703125,1.6093771934509278
3s93bkax,transfer-ring-nsd-general-norm-stalk1-h100-fdim5-dist10-size20-seed43,finished,graph-transfer-paper-classical-vs-sheaf-runpod,2026-06-03T18:52:15Z,https://wandb.ai/luigifracassetti-universit-degli-studi-di-milano-bicocca/on-oversquashing-transfer-RunPod/runs/3s93bkax,RING,nsd,20,10,100,1,general,True,True,128,100,43,False,5,5,5,5000,500,nsd-general-norm-stalk1-h100,ring,24.6,1,1.6084082126617432,0.246,1.6084082126617432,17.4,0,1.6108698844909668,0.174,1.6108698844909668,0.174,1.6108698844909668,0.20078125,1.6094144523143767
27lwbq1s,transfer-ring-nsd-general-norm-stalk1-h100-fdim5-dist15-size30-seed43,finished,graph-transfer-paper-classical-vs-sheaf-runpod,2026-06-03T20:41:28Z,https://wandb.ai/luigifracassetti-universit-degli-studi-di-milano-bicocca/on-oversquashing-transfer-RunPod/runs/27lwbq1s,RING,nsd,30,15,100,1,general,True,True,128,100,43,False,5,5,5,5000,500,nsd-general-norm-stalk1-h100,ring,21.2,4,1.6102534532546997,0.212,1.6102534532546997,17.4,0,1.611412525177002,0.174,1.611412525177002,0.174,1.611412525177002,0.20078125,1.6094772666692734
n8ki3pki,transfer-ring-nsd-general-norm-stalk1-h200-fdim5-dist1-size2-seed43,finished,graph-transfer-paper-classical-vs-sheaf-runpod,2026-06-03T17:48:52Z,https://wandb.ai/luigifracassetti-universit-degli-studi-di-milano-bicocca/on-oversquashing-transfer-RunPod/runs/n8ki3pki,RING,nsd,2,1,200,1,general,True,True,128,100,43,False,5,5,5,5000,500,nsd-general-norm-stalk1-h200,ring,100.0,0,0.8714869618415833,1.0,0.8714869618415833,100.0,0,0.8714869618415833,1.0,0.8714869618415833,1.0,0.8714869618415833,0.9197265625,1.1994512721896171
1xgnjmcp,transfer-ring-nsd-general-norm-stalk1-h200-fdim5-dist3-size6-seed43,finished,graph-transfer-paper-classical-vs-sheaf-runpod,2026-06-03T17:53:28Z,https://wandb.ai/luigifracassetti-universit-degli-studi-di-milano-bicocca/on-oversquashing-transfer-RunPod/runs/1xgnjmcp,RING,nsd,6,3,200,1,general,True,True,128,100,43,False,5,5,5,5000,500,nsd-general-norm-stalk1-h200,ring,100.0,6,0.3922228217124939,1.0,0.3922228217124939,100.0,0,0.3922228217124939,1.0,0.3922228217124939,1.0,0.3922228217124939,0.953125,0.5407254233956337
nz9wzqer,transfer-ring-nsd-general-norm-stalk1-h200-fdim5-dist5-size10-seed43,finished,graph-transfer-paper-classical-vs-sheaf-runpod,2026-06-03T18:08:43Z,https://wandb.ai/luigifracassetti-universit-degli-studi-di-milano-bicocca/on-oversquashing-transfer-RunPod/runs/nz9wzqer,RING,nsd,10,5,200,1,general,True,True,128,100,43,False,5,5,5,5000,500,nsd-general-norm-stalk1-h200,ring,24.6,1,1.6068339347839355,0.246,1.6068339347839355,18.4,0,1.6112524271011353,0.184,1.6112524271011353,0.184,1.6112524271011353,0.1880859375,1.6094281107187272
9d6k3zuk,transfer-ring-nsd-general-norm-stalk1-h200-fdim5-dist10-size20-seed43,finished,graph-transfer-paper-classical-vs-sheaf-runpod,2026-06-03T18:54:04Z,https://wandb.ai/luigifracassetti-universit-degli-studi-di-milano-bicocca/on-oversquashing-transfer-RunPod/runs/9d6k3zuk,RING,nsd,20,10,200,1,general,True,True,128,100,43,False,5,5,5,5000,500,nsd-general-norm-stalk1-h200,ring,24.6,1,1.6065446138381958,0.246,1.6065446138381958,18.4,0,1.611130952835083,0.184,1.611130952835083,0.184,1.611130952835083,0.20078125,1.609705922007561
s7141sh2,transfer-ring-nsd-general-norm-stalk1-h200-fdim5-dist15-size30-seed43,finished,graph-transfer-paper-classical-vs-sheaf-runpod,2026-06-03T20:44:25Z,https://wandb.ai/luigifracassetti-universit-degli-studi-di-milano-bicocca/on-oversquashing-transfer-RunPod/runs/s7141sh2,RING,nsd,30,15,200,1,general,True,True,128,100,43,False,5,5,5,5000,500,nsd-general-norm-stalk1-h200,ring,21.2,4,1.607667326927185,0.212,1.607667326927185,17.4,0,1.6109726428985596,0.174,1.6109726428985596,0.174,1.6109726428985596,0.2095703125,1.6091751009225843
0xcb2pzy,transfer-ring-nsd-general-norm-stalk1-h50-fdim5-dist1-size2-seed43,finished,graph-transfer-paper-classical-vs-sheaf-runpod,2026-06-03T17:48:41Z,https://wandb.ai/luigifracassetti-universit-degli-studi-di-milano-bicocca/on-oversquashing-transfer-RunPod/runs/0xcb2pzy,RING,nsd,2,1,50,1,general,True,True,128,100,43,False,5,5,5,5000,500,nsd-general-norm-stalk1-h50,ring,100.0,0,1.2273690700531006,1.0,1.2273690700531006,100.0,0,1.2273690700531006,1.0,1.2273690700531006,1.0,1.2273690700531006,0.7716796875,1.427868503332138
dw90c3qh,transfer-ring-nsd-general-norm-stalk1-h50-fdim5-dist3-size6-seed43,finished,graph-transfer-paper-classical-vs-sheaf-runpod,2026-06-03T17:52:51Z,https://wandb.ai/luigifracassetti-universit-degli-studi-di-milano-bicocca/on-oversquashing-transfer-RunPod/runs/dw90c3qh,RING,nsd,6,3,50,1,general,True,True,128,100,43,False,5,5,5,5000,500,nsd-general-norm-stalk1-h50,ring,100.0,5,0.572431743144989,1.0,0.572431743144989,100.0,0,0.572431743144989,1.0,0.572431743144989,1.0,0.572431743144989,0.8568359375,0.6435388043522835
4cv3rbma,transfer-ring-nsd-general-norm-stalk1-h50-fdim5-dist5-size10-seed43,finished,graph-transfer-paper-classical-vs-sheaf-runpod,2026-06-03T18:06:41Z,https://wandb.ai/luigifracassetti-universit-degli-studi-di-milano-bicocca/on-oversquashing-transfer-RunPod/runs/4cv3rbma,RING,nsd,10,5,50,1,general,True,True,128,100,43,False,5,5,5,5000,500,nsd-general-norm-stalk1-h50,ring,100.0,29,0.5490763187408447,1.0,0.5490763187408447,100.0,0,0.5490763187408447,1.0,0.5490763187408447,1.0,0.5490763187408447,0.8189453125,0.5577448196709156
tco3pe7f,transfer-ring-nsd-general-norm-stalk1-h50-fdim5-dist10-size20-seed43,finished,graph-transfer-paper-classical-vs-sheaf-runpod,2026-06-03T18:49:42Z,https://wandb.ai/luigifracassetti-universit-degli-studi-di-milano-bicocca/on-oversquashing-transfer-RunPod/runs/tco3pe7f,RING,nsd,20,10,50,1,general,True,True,128,100,43,False,5,5,5,5000,500,nsd-general-norm-stalk1-h50,ring,21.2,8,1.610705852508545,0.212,1.610705852508545,17.4,0,1.6119645833969116,0.174,1.6119645833969116,0.174,1.6119645833969116,0.1978515625,1.609365776181221
jxyetpc8,transfer-ring-nsd-general-norm-stalk1-h50-fdim5-dist15-size30-seed43,finished,graph-transfer-paper-classical-vs-sheaf-runpod,2026-06-03T20:39:29Z,https://wandb.ai/luigifracassetti-universit-degli-studi-di-milano-bicocca/on-oversquashing-transfer-RunPod/runs/jxyetpc8,RING,nsd,30,15,50,1,general,True,True,128,100,43,False,5,5,5,5000,500,nsd-general-norm-stalk1-h50,ring,24.6,36,1.6094145774841309,0.246,1.6094145774841309,18.4,0,1.6113349199295044,0.184,1.6113349199295044,0.184,1.6113349199295044,0.20859375,1.6091477751731873
urk81hhr,transfer-ring-nsd-general-norm-stalk3-h10-fdim5-dist1-size2-seed43,finished,graph-transfer-paper-classical-vs-sheaf-runpod,2026-06-03T17:49:03Z,https://wandb.ai/luigifracassetti-universit-degli-studi-di-milano-bicocca/on-oversquashing-transfer-RunPod/runs/urk81hhr,RING,nsd,2,1,10,3,general,True,True,128,100,43,False,5,5,5,5000,500,nsd-general-norm-stalk3-h10,ring,100.0,0,1.3911545276641846,1.0,1.3911545276641846,100.0,0,1.3911545276641846,1.0,1.3911545276641846,1.0,1.3911545276641846,0.5775390625,1.4863977879285812
1znx3dm5,transfer-ring-nsd-general-norm-stalk3-h10-fdim5-dist3-size6-seed43,finished,graph-transfer-paper-classical-vs-sheaf-runpod,2026-06-03T17:53:46Z,https://wandb.ai/luigifracassetti-universit-degli-studi-di-milano-bicocca/on-oversquashing-transfer-RunPod/runs/1znx3dm5,RING,nsd,6,3,10,3,general,True,True,128,100,43,False,5,5,5,5000,500,nsd-general-norm-stalk3-h10,ring,100.0,1,1.2534281015396118,1.0,1.2534281015396118,100.0,0,1.2534281015396118,1.0,1.2534281015396118,1.0,1.2534281015396118,0.875,1.323487851023674
qv5x46yy,transfer-ring-nsd-general-norm-stalk3-h10-fdim5-dist5-size10-seed43,finished,graph-transfer-paper-classical-vs-sheaf-runpod,2026-06-03T18:11:27Z,https://wandb.ai/luigifracassetti-universit-degli-studi-di-milano-bicocca/on-oversquashing-transfer-RunPod/runs/qv5x46yy,RING,nsd,10,5,10,3,general,True,True,128,100,43,False,5,5,5,5000,500,nsd-general-norm-stalk3-h10,ring,100.0,4,0.830218493938446,1.0,0.830218493938446,100.0,0,0.830218493938446,1.0,0.830218493938446,1.0,0.830218493938446,0.9775390625,0.908074463903904
icck0fug,transfer-ring-nsd-general-norm-stalk3-h10-fdim5-dist10-size20-seed43,finished,graph-transfer-paper-classical-vs-sheaf-runpod,2026-06-03T18:56:24Z,https://wandb.ai/luigifracassetti-universit-degli-studi-di-milano-bicocca/on-oversquashing-transfer-RunPod/runs/icck0fug,RING,nsd,20,10,10,3,general,True,True,128,100,43,False,5,5,5,5000,500,nsd-general-norm-stalk3-h10,ring,24.6,7,1.6084176301956177,0.246,1.6084176301956177,18.4,0,1.6111027002334597,0.184,1.6111027002334597,0.184,1.6111027002334597,0.1998046875,1.609469199180603
xbbms623,transfer-ring-nsd-general-norm-stalk3-h10-fdim5-dist15-size30-seed43,finished,graph-transfer-paper-classical-vs-sheaf-runpod,2026-06-03T20:46:36Z,https://wandb.ai/luigifracassetti-universit-degli-studi-di-milano-bicocca/on-oversquashing-transfer-RunPod/runs/xbbms623,RING,nsd,30,15,10,3,general,True,True,128,100,43,False,5,5,5,5000,500,nsd-general-norm-stalk3-h10,ring,24.6,1,1.6078524589538574,0.246,1.6078524589538574,17.4,0,1.611118197441101,0.174,1.611118197441101,0.174,1.611118197441101,0.2095703125,1.6092997908592224
7cpjo6uf,transfer-ring-nsd-general-norm-stalk3-h100-fdim5-dist1-size2-seed43,finished,graph-transfer-paper-classical-vs-sheaf-runpod,2026-06-03T17:49:15Z,https://wandb.ai/luigifracassetti-universit-degli-studi-di-milano-bicocca/on-oversquashing-transfer-RunPod/runs/7cpjo6uf,RING,nsd,2,1,100,3,general,True,True,128,100,43,False,5,5,5,5000,500,nsd-general-norm-stalk3-h100,ring,100.0,0,1.0052860975265503,1.0,1.0052860975265503,100.0,0,1.0052860975265503,1.0,1.0052860975265503,1.0,1.0052860975265503,0.83515625,1.306222939491272
w8s03ji8,transfer-ring-nsd-general-norm-stalk3-h100-fdim5-dist3-size6-seed43,finished,graph-transfer-paper-classical-vs-sheaf-runpod,2026-06-03T17:54:02Z,https://wandb.ai/luigifracassetti-universit-degli-studi-di-milano-bicocca/on-oversquashing-transfer-RunPod/runs/w8s03ji8,RING,nsd,6,3,100,3,general,True,True,128,100,43,False,5,5,5,5000,500,nsd-general-norm-stalk3-h100,ring,100.0,1,0.7366605997085571,1.0,0.7366605997085571,100.0,0,0.7366605997085571,1.0,0.7366605997085571,1.0,0.7366605997085571,0.9904296875,0.9729661852121352
uymyqifc,transfer-ring-nsd-general-norm-stalk3-h100-fdim5-dist5-size10-seed43,finished,graph-transfer-paper-classical-vs-sheaf-runpod,2026-06-03T18:11:57Z,https://wandb.ai/luigifracassetti-universit-degli-studi-di-milano-bicocca/on-oversquashing-transfer-RunPod/runs/uymyqifc,RING,nsd,10,5,100,3,general,True,True,128,100,43,False,5,5,5,5000,500,nsd-general-norm-stalk3-h100,ring,21.2,11,1.6096208095550537,0.212,1.6096208095550537,17.4,0,1.6113715171813965,0.174,1.6113715171813965,0.174,1.6113715171813965,0.2095703125,1.6092871934175492
ofxjlfdt,transfer-ring-nsd-general-norm-stalk3-h100-fdim5-dist10-size20-seed43,finished,graph-transfer-paper-classical-vs-sheaf-runpod,2026-06-03T19:00:47Z,https://wandb.ai/luigifracassetti-universit-degli-studi-di-milano-bicocca/on-oversquashing-transfer-RunPod/runs/ofxjlfdt,RING,nsd,20,10,100,3,general,True,True,128,100,43,False,5,5,5,5000,500,nsd-general-norm-stalk3-h100,ring,24.6,8,1.6081326007843018,0.246,1.6081326007843018,17.4,0,1.611074924468994,0.174,1.611074924468994,0.174,1.611074924468994,0.1978515625,1.6095500200986863
mg8hxs0o,transfer-ring-nsd-general-norm-stalk3-h100-fdim5-dist15-size30-seed43,finished,graph-transfer-paper-classical-vs-sheaf-runpod,2026-06-03T20:52:02Z,https://wandb.ai/luigifracassetti-universit-degli-studi-di-milano-bicocca/on-oversquashing-transfer-RunPod/runs/mg8hxs0o,RING,nsd,30,15,100,3,general,True,True,128,100,43,False,5,5,5,5000,500,nsd-general-norm-stalk3-h100,ring,24.6,12,1.6081547737121582,0.246,1.6081547737121582,17.4,0,1.6114106178283691,0.174,1.6114106178283691,0.174,1.6114106178283691,0.20078125,1.609535574913025
1y4svftl,transfer-ring-nsd-general-norm-stalk3-h200-fdim5-dist1-size2-seed43,finished,graph-transfer-paper-classical-vs-sheaf-runpod,2026-06-03T17:49:15Z,https://wandb.ai/luigifracassetti-universit-degli-studi-di-milano-bicocca/on-oversquashing-transfer-RunPod/runs/1y4svftl,RING,nsd,2,1,200,3,general,True,True,128,100,43,False,5,5,5,5000,500,nsd-general-norm-stalk3-h200,ring,100.0,0,0.8209461569786072,1.0,0.8209461569786072,100.0,0,0.8209461569786072,1.0,0.8209461569786072,1.0,0.8209461569786072,0.9333984375,1.2210971415042875
or1ttjzp,transfer-ring-nsd-general-norm-stalk3-h200-fdim5-dist3-size6-seed43,finished,graph-transfer-paper-classical-vs-sheaf-runpod,2026-06-03T17:54:13Z,https://wandb.ai/luigifracassetti-universit-degli-studi-di-milano-bicocca/on-oversquashing-transfer-RunPod/runs/or1ttjzp,RING,nsd,6,3,200,3,general,True,True,128,100,43,False,5,5,5,5000,500,nsd-general-norm-stalk3-h200,ring,100.0,0,1.007602334022522,1.0,1.007602334022522,100.0,0,1.007602334022522,1.0,1.007602334022522,1.0,1.007602334022522,0.5830078125,1.4175491154193878
owbf7cfe,transfer-ring-nsd-general-norm-stalk3-h200-fdim5-dist5-size10-seed43,finished,graph-transfer-paper-classical-vs-sheaf-runpod,2026-06-03T18:12:24Z,https://wandb.ai/luigifracassetti-universit-degli-studi-di-milano-bicocca/on-oversquashing-transfer-RunPod/runs/owbf7cfe,RING,nsd,10,5,200,3,general,True,True,128,100,43,False,5,5,5,5000,500,nsd-general-norm-stalk3-h200,ring,24.6,16,1.607723832130432,0.246,1.607723832130432,17.4,0,1.6115816831588743,0.174,1.6115816831588743,0.174,1.6115816831588743,0.20703125,1.6093294322490692
bparu6fq,transfer-ring-nsd-general-norm-stalk3-h200-fdim5-dist10-size20-seed43,finished,graph-transfer-paper-classical-vs-sheaf-runpod,2026-06-03T19:02:56Z,https://wandb.ai/luigifracassetti-universit-degli-studi-di-milano-bicocca/on-oversquashing-transfer-RunPod/runs/bparu6fq,RING,nsd,20,10,200,3,general,True,True,128,100,43,False,5,5,5,5000,500,nsd-general-norm-stalk3-h200,ring,24.6,8,1.6060770750045776,0.246,1.6060770750045776,17.4,0,1.61130952835083,0.174,1.61130952835083,0.174,1.61130952835083,0.2056640625,1.6093133360147476
qyssfigy,transfer-ring-nsd-general-norm-stalk3-h200-fdim5-dist15-size30-seed43,finished,graph-transfer-paper-classical-vs-sheaf-runpod,2026-06-03T20:56:48Z,https://wandb.ai/luigifracassetti-universit-degli-studi-di-milano-bicocca/on-oversquashing-transfer-RunPod/runs/qyssfigy,RING,nsd,30,15,200,3,general,True,True,128,100,43,False,5,5,5,5000,500,nsd-general-norm-stalk3-h200,ring,24.6,2,1.6058743000030518,0.246,1.6058743000030518,17.4,0,1.6114435195922852,0.174,1.6114435195922852,0.174,1.6114435195922852,0.2037109375,1.6092609196901322
xpo6ta3g,transfer-ring-nsd-general-norm-stalk3-h50-fdim5-dist1-size2-seed43,finished,graph-transfer-paper-classical-vs-sheaf-runpod,2026-06-03T17:49:04Z,https://wandb.ai/luigifracassetti-universit-degli-studi-di-milano-bicocca/on-oversquashing-transfer-RunPod/runs/xpo6ta3g,RING,nsd,2,1,50,3,general,True,True,128,100,43,False,5,5,5,5000,500,nsd-general-norm-stalk3-h50,ring,100.0,0,1.16270112991333,1.0,1.16270112991333,100.0,0,1.16270112991333,1.0,1.16270112991333,1.0,1.16270112991333,0.9423828125,1.383178362250328
4gftpcne,transfer-ring-nsd-general-norm-stalk3-h50-fdim5-dist3-size6-seed43,finished,graph-transfer-paper-classical-vs-sheaf-runpod,2026-06-03T17:53:57Z,https://wandb.ai/luigifracassetti-universit-degli-studi-di-milano-bicocca/on-oversquashing-transfer-RunPod/runs/4gftpcne,RING,nsd,6,3,50,3,general,True,True,128,100,43,False,5,5,5,5000,500,nsd-general-norm-stalk3-h50,ring,100.0,1,0.8614250421524048,1.0,0.8614250421524048,100.0,0,0.8614250421524048,1.0,0.8614250421524048,1.0,0.8614250421524048,0.983984375,1.035975126922131
pxg3gl9r,transfer-ring-nsd-general-norm-stalk3-h50-fdim5-dist5-size10-seed43,finished,graph-transfer-paper-classical-vs-sheaf-runpod,2026-06-03T18:11:47Z,https://wandb.ai/luigifracassetti-universit-degli-studi-di-milano-bicocca/on-oversquashing-transfer-RunPod/runs/pxg3gl9r,RING,nsd,10,5,50,3,general,True,True,128,100,43,False,5,5,5,5000,500,nsd-general-norm-stalk3-h50,ring,24.6,6,1.6060874462127686,0.246,1.6060874462127686,17.4,0,1.6118159294128418,0.174,1.6118159294128418,0.174,1.6118159294128418,0.1966796875,1.6093896746635437
zl22zupv,transfer-ring-nsd-general-norm-stalk3-h50-fdim5-dist10-size20-seed43,finished,graph-transfer-paper-classical-vs-sheaf-runpod,2026-06-03T18:58:26Z,https://wandb.ai/luigifracassetti-universit-degli-studi-di-milano-bicocca/on-oversquashing-transfer-RunPod/runs/zl22zupv,RING,nsd,20,10,50,3,general,True,True,128,100,43,False,5,5,5,5000,500,nsd-general-norm-stalk3-h50,ring,21.2,0,1.6164408922195437,0.212,1.6164408922195437,18.4,0,1.611897349357605,0.184,1.611897349357605,0.184,1.611897349357605,0.2068359375,1.6092643916606904
qn6l62rh,transfer-ring-nsd-general-norm-stalk3-h50-fdim5-dist15-size30-seed43,finished,graph-transfer-paper-classical-vs-sheaf-runpod,2026-06-03T20:49:42Z,https://wandb.ai/luigifracassetti-universit-degli-studi-di-milano-bicocca/on-oversquashing-transfer-RunPod/runs/qn6l62rh,RING,nsd,30,15,50,3,general,True,True,128,100,43,False,5,5,5,5000,500,nsd-general-norm-stalk3-h50,ring,24.6,2,1.608234167098999,0.246,1.608234167098999,17.4,0,1.6112672090530396,0.174,1.6112672090530396,0.174,1.6112672090530396,0.2095703125,1.6092525243759157
0p3qa9c4,transfer-ring-nsd-general-norm-stalk5-h10-fdim5-dist1-size2-seed43,finished,graph-transfer-paper-classical-vs-sheaf-runpod,2026-06-03T17:49:28Z,https://wandb.ai/luigifracassetti-universit-degli-studi-di-milano-bicocca/on-oversquashing-transfer-RunPod/runs/0p3qa9c4,RING,nsd,2,1,10,5,general,True,True,128,100,43,False,5,5,5,5000,500,nsd-general-norm-stalk5-h10,ring,100.0,0,1.312653660774231,1.0,1.312653660774231,100.0,0,1.312653660774231,1.0,1.312653660774231,1.0,1.312653660774231,0.8564453125,1.458344680070877
sc931a3b,transfer-ring-nsd-general-norm-stalk5-h10-fdim5-dist3-size6-seed43,finished,graph-transfer-paper-classical-vs-sheaf-runpod,2026-06-03T17:54:23Z,https://wandb.ai/luigifracassetti-universit-degli-studi-di-milano-bicocca/on-oversquashing-transfer-RunPod/runs/sc931a3b,RING,nsd,6,3,10,5,general,True,True,128,100,43,False,5,5,5,5000,500,nsd-general-norm-stalk5-h10,ring,100.0,1,1.032875418663025,1.0,1.032875418663025,100.0,0,1.032875418663025,1.0,1.032875418663025,1.0,1.032875418663025,0.9943359375,1.1992858678102494
og5z553n,transfer-ring-nsd-general-norm-stalk5-h10-fdim5-dist5-size10-seed43,finished,graph-transfer-paper-classical-vs-sheaf-runpod,2026-06-03T18:13:05Z,https://wandb.ai/luigifracassetti-universit-degli-studi-di-milano-bicocca/on-oversquashing-transfer-RunPod/runs/og5z553n,RING,nsd,10,5,10,5,general,True,True,128,100,43,False,5,5,5,5000,500,nsd-general-norm-stalk5-h10,ring,100.0,3,0.8390894532203674,1.0,0.8390894532203674,100.0,0,0.8390894532203674,1.0,0.8390894532203674,1.0,0.8390894532203674,0.8765625,0.9464363873004912
770o6lk0,transfer-ring-nsd-general-norm-stalk5-h10-fdim5-dist10-size20-seed43,finished,graph-transfer-paper-classical-vs-sheaf-runpod,2026-06-03T19:05:30Z,https://wandb.ai/luigifracassetti-universit-degli-studi-di-milano-bicocca/on-oversquashing-transfer-RunPod/runs/770o6lk0,RING,nsd,20,10,10,5,general,True,True,128,100,43,False,5,5,5,5000,500,nsd-general-norm-stalk5-h10,ring,38.6,7,1.6001091003417969,0.386,1.6001091003417969,17.4,0,1.6111074686050415,0.174,1.6111074686050415,0.174,1.6111074686050415,0.1951171875,1.6094541162252427
ijn02db8,transfer-ring-nsd-general-norm-stalk5-h10-fdim5-dist15-size30-seed43,finished,graph-transfer-paper-classical-vs-sheaf-runpod,2026-06-03T21:00:52Z,https://wandb.ai/luigifracassetti-universit-degli-studi-di-milano-bicocca/on-oversquashing-transfer-RunPod/runs/ijn02db8,RING,nsd,30,15,10,5,general,True,True,128,100,43,False,5,5,5,5000,500,nsd-general-norm-stalk5-h10,ring,24.6,1,1.6066428422927856,0.246,1.6066428422927856,17.4,0,1.6112905740737915,0.174,1.6112905740737915,0.174,1.6112905740737915,0.20078125,1.6092332035303116
k6j2itid,transfer-ring-nsd-general-norm-stalk5-h100-fdim5-dist1-size2-seed43,finished,graph-transfer-paper-classical-vs-sheaf-runpod,2026-06-03T17:49:39Z,https://wandb.ai/luigifracassetti-universit-degli-studi-di-milano-bicocca/on-oversquashing-transfer-RunPod/runs/k6j2itid,RING,nsd,2,1,100,5,general,True,True,128,100,43,False,5,5,5,5000,500,nsd-general-norm-stalk5-h100,ring,100.0,0,0.9343931078910828,1.0,0.9343931078910828,100.0,0,0.9343931078910828,1.0,0.9343931078910828,1.0,0.9343931078910828,0.890625,1.2870107412338256
pim1jixw,transfer-ring-nsd-general-norm-stalk5-h100-fdim5-dist3-size6-seed43,finished,graph-transfer-paper-classical-vs-sheaf-runpod,2026-06-03T17:54:38Z,https://wandb.ai/luigifracassetti-universit-degli-studi-di-milano-bicocca/on-oversquashing-transfer-RunPod/runs/pim1jixw,RING,nsd,6,3,100,5,general,True,True,128,100,43,False,5,5,5,5000,500,nsd-general-norm-stalk5-h100,ring,100.0,1,0.8189266324043274,1.0,0.8189266324043274,100.0,0,0.8189266324043274,1.0,0.8189266324043274,1.0,0.8189266324043274,0.7560546875,1.05311419069767
e05iynbf,transfer-ring-nsd-general-norm-stalk5-h100-fdim5-dist5-size10-seed43,finished,graph-transfer-paper-classical-vs-sheaf-runpod,2026-06-03T18:14:42Z,https://wandb.ai/luigifracassetti-universit-degli-studi-di-milano-bicocca/on-oversquashing-transfer-RunPod/runs/e05iynbf,RING,nsd,10,5,100,5,general,True,True,128,100,43,False,5,5,5,5000,500,nsd-general-norm-stalk5-h100,ring,21.2,1,1.61395263671875,0.212,1.61395263671875,17.4,0,1.6113139390945437,0.174,1.6113139390945437,0.174,1.6113139390945437,0.1978515625,1.6092876136302947
mvs2chc5,transfer-ring-nsd-general-norm-stalk5-h100-fdim5-dist10-size20-seed43,finished,graph-transfer-paper-classical-vs-sheaf-runpod,2026-06-03T19:09:59Z,https://wandb.ai/luigifracassetti-universit-degli-studi-di-milano-bicocca/on-oversquashing-transfer-RunPod/runs/mvs2chc5,RING,nsd,20,10,100,5,general,True,True,128,100,43,False,5,5,5,5000,500,nsd-general-norm-stalk5-h100,ring,24.6,1,1.607242465019226,0.246,1.607242465019226,17.4,0,1.6107639074325562,0.174,1.6107639074325562,0.174,1.6107639074325562,0.2015625,1.6094224244356157
8cuya2lz,transfer-ring-nsd-general-norm-stalk5-h100-fdim5-dist15-size30-seed43,finished,graph-transfer-paper-classical-vs-sheaf-runpod,2026-06-03T21:07:59Z,https://wandb.ai/luigifracassetti-universit-degli-studi-di-milano-bicocca/on-oversquashing-transfer-RunPod/runs/8cuya2lz,RING,nsd,30,15,100,5,general,True,True,128,100,43,False,5,5,5,5000,500,nsd-general-norm-stalk5-h100,ring,21.2,1,1.6147546768188477,0.212,1.6147546768188477,17.4,0,1.6108969449996948,0.174,1.6108969449996948,0.174,1.6108969449996948,0.201171875,1.6094705551862716
u93lubs2,transfer-ring-nsd-general-norm-stalk5-h200-fdim5-dist1-size2-seed43,finished,graph-transfer-paper-classical-vs-sheaf-runpod,2026-06-03T17:49:42Z,https://wandb.ai/luigifracassetti-universit-degli-studi-di-milano-bicocca/on-oversquashing-transfer-RunPod/runs/u93lubs2,RING,nsd,2,1,200,5,general,True,True,128,100,43,False,5,5,5,5000,500,nsd-general-norm-stalk5-h200,ring,100.0,0,0.7211811542510986,1.0,0.7211811542510986,100.0,0,0.7211811542510986,1.0,0.7211811542510986,1.0,0.7211811542510986,0.956640625,1.1747397243976594
x1724b4n,transfer-ring-nsd-general-norm-stalk5-h200-fdim5-dist3-size6-seed43,finished,graph-transfer-paper-classical-vs-sheaf-runpod,2026-06-03T17:54:48Z,https://wandb.ai/luigifracassetti-universit-degli-studi-di-milano-bicocca/on-oversquashing-transfer-RunPod/runs/x1724b4n,RING,nsd,6,3,200,5,general,True,True,128,100,43,False,5,5,5,5000,500,nsd-general-norm-stalk5-h200,ring,100.0,0,0.7748465538024902,1.0,0.7748465538024902,100.0,0,0.7748465538024902,1.0,0.7748465538024902,1.0,0.7748465538024902,0.7896484375,1.3000731036067008
pdtxtzea,transfer-ring-nsd-general-norm-stalk5-h200-fdim5-dist5-size10-seed43,finished,graph-transfer-paper-classical-vs-sheaf-runpod,2026-06-03T18:15:32Z,https://wandb.ai/luigifracassetti-universit-degli-studi-di-milano-bicocca/on-oversquashing-transfer-RunPod/runs/pdtxtzea,RING,nsd,10,5,200,5,general,True,True,128,100,43,False,5,5,5,5000,500,nsd-general-norm-stalk5-h200,ring,24.6,8,1.6099934577941897,0.246,1.6099934577941897,17.4,0,1.611539006233215,0.174,1.611539006233215,0.174,1.611539006233215,0.203125,1.60967937707901
jxkjxt3f,transfer-ring-nsd-general-norm-stalk5-h200-fdim5-dist10-size20-seed43,finished,graph-transfer-paper-classical-vs-sheaf-runpod,2026-06-03T19:13:23Z,https://wandb.ai/luigifracassetti-universit-degli-studi-di-milano-bicocca/on-oversquashing-transfer-RunPod/runs/jxkjxt3f,RING,nsd,20,10,200,5,general,True,True,128,100,43,False,5,5,5,5000,500,nsd-general-norm-stalk5-h200,ring,24.6,0,1.605350375175476,0.246,1.605350375175476,18.4,0,1.6118720769882202,0.184,1.6118720769882202,0.184,1.6118720769882202,0.192578125,1.6094738751649855
3x5edj88,transfer-ring-nsd-general-norm-stalk5-h200-fdim5-dist15-size30-seed43,finished,graph-transfer-paper-classical-vs-sheaf-runpod,2026-06-03T21:10:51Z,https://wandb.ai/luigifracassetti-universit-degli-studi-di-milano-bicocca/on-oversquashing-transfer-RunPod/runs/3x5edj88,RING,nsd,30,15,200,5,general,True,True,128,100,43,False,5,5,5,5000,500,nsd-general-norm-stalk5-h200,ring,24.6,9,1.6072332859039309,0.246,1.6072332859039309,17.4,0,1.6114836931228638,0.174,1.6114836931228638,0.174,1.6114836931228638,0.20390625,1.6093290239572524
ho729gq8,transfer-ring-nsd-general-norm-stalk5-h50-fdim5-dist1-size2-seed43,finished,graph-transfer-paper-classical-vs-sheaf-runpod,2026-06-03T17:49:28Z,https://wandb.ai/luigifracassetti-universit-degli-studi-di-milano-bicocca/on-oversquashing-transfer-RunPod/runs/ho729gq8,RING,nsd,2,1,50,5,general,True,True,128,100,43,False,5,5,5,5000,500,nsd-general-norm-stalk5-h50,ring,100.0,0,1.107345461845398,1.0,1.107345461845398,100.0,0,1.107345461845398,1.0,1.107345461845398,1.0,1.107345461845398,0.89609375,1.363488918542862
q7oeghmk,transfer-ring-nsd-general-norm-stalk5-h50-fdim5-dist3-size6-seed43,finished,graph-transfer-paper-classical-vs-sheaf-runpod,2026-06-03T17:54:28Z,https://wandb.ai/luigifracassetti-universit-degli-studi-di-milano-bicocca/on-oversquashing-transfer-RunPod/runs/q7oeghmk,RING,nsd,6,3,50,5,general,True,True,128,100,43,False,5,5,5,5000,500,nsd-general-norm-stalk5-h50,ring,100.0,0,1.2700079679489136,1.0,1.2700079679489136,100.0,0,1.2700079679489136,1.0,1.2700079679489136,1.0,1.2700079679489136,0.6712890625,1.491291770339012
ecnkalik,transfer-ring-nsd-general-norm-stalk5-h50-fdim5-dist5-size10-seed43,finished,graph-transfer-paper-classical-vs-sheaf-runpod,2026-06-03T18:13:44Z,https://wandb.ai/luigifracassetti-universit-degli-studi-di-milano-bicocca/on-oversquashing-transfer-RunPod/runs/ecnkalik,RING,nsd,10,5,50,5,general,True,True,128,100,43,False,5,5,5,5000,500,nsd-general-norm-stalk5-h50,ring,100.0,7,0.6148325204849243,1.0,0.6148325204849243,100.0,0,0.6148325204849243,1.0,0.6148325204849243,1.0,0.6148325204849243,0.6826171875,0.6404013931751251
a9yk5yvj,transfer-ring-nsd-general-norm-stalk5-h50-fdim5-dist10-size20-seed43,finished,graph-transfer-paper-classical-vs-sheaf-runpod,2026-06-03T19:08:42Z,https://wandb.ai/luigifracassetti-universit-degli-studi-di-milano-bicocca/on-oversquashing-transfer-RunPod/runs/a9yk5yvj,RING,nsd,20,10,50,5,general,True,True,128,100,43,False,5,5,5,5000,500,nsd-general-norm-stalk5-h50,ring,24.6,4,1.60872220993042,0.246,1.60872220993042,17.4,0,1.6112349033355713,0.174,1.6112349033355713,0.174,1.6112349033355713,0.2095703125,1.6092078775167464
vt56urho,transfer-ring-nsd-general-norm-stalk5-h50-fdim5-dist15-size30-seed43,finished,graph-transfer-paper-classical-vs-sheaf-runpod,2026-06-03T21:02:20Z,https://wandb.ai/luigifracassetti-universit-degli-studi-di-milano-bicocca/on-oversquashing-transfer-RunPod/runs/vt56urho,RING,nsd,30,15,50,5,general,True,True,128,100,43,False,5,5,5,5000,500,nsd-general-norm-stalk5-h50,ring,24.6,3,1.6071226596832275,0.246,1.6071226596832275,18.4,0,1.611620306968689,0.184,1.611620306968689,0.184,1.611620306968689,0.201171875,1.6095065772533417
tgaapvc9,transfer-ring-nsd-orthogonal-nonnorm-noattn-stalk1-h10-fdim5-dist1-size2-seed43,finished,graph-transfer-paper-classical-vs-sheaf-runpod,2026-06-03T17:48:38Z,https://wandb.ai/luigifracassetti-universit-degli-studi-di-milano-bicocca/on-oversquashing-transfer-RunPod/runs/tgaapvc9,RING,nsd,2,1,10,1,orthogonal,False,False,128,100,43,False,5,5,5,5000,500,nsd-orthogonal-nonnorm-noattn-stalk1-h10,ring,100.0,2,1.3688206672668457,1.0,1.3688206672668457,100.0,0,1.3688206672668457,1.0,1.3688206672668457,1.0,1.3688206672668457,0.774609375,1.4722859114408493
f6a6c62o,transfer-ring-nsd-orthogonal-nonnorm-noattn-stalk1-h10-fdim5-dist3-size6-seed43,finished,graph-transfer-paper-classical-vs-sheaf-runpod,2026-06-03T17:52:47Z,https://wandb.ai/luigifracassetti-universit-degli-studi-di-milano-bicocca/on-oversquashing-transfer-RunPod/runs/f6a6c62o,RING,nsd,6,3,10,1,orthogonal,False,False,128,100,43,False,5,5,5,5000,500,nsd-orthogonal-nonnorm-noattn-stalk1-h10,ring,100.0,21,0.28541064262390137,1.0,0.28541064262390137,100.0,0,0.28541064262390137,1.0,0.28541064262390137,1.0,0.28541064262390137,0.94296875,0.3889881670475006
mhtf2pzt,transfer-ring-nsd-orthogonal-nonnorm-noattn-stalk1-h10-fdim5-dist5-size10-seed43,finished,graph-transfer-paper-classical-vs-sheaf-runpod,2026-06-03T18:03:53Z,https://wandb.ai/luigifracassetti-universit-degli-studi-di-milano-bicocca/on-oversquashing-transfer-RunPod/runs/mhtf2pzt,RING,nsd,10,5,10,1,orthogonal,False,False,128,100,43,False,5,5,5,5000,500,nsd-orthogonal-nonnorm-noattn-stalk1-h10,ring,24.6,7,1.6086688041687012,0.246,1.6086688041687012,17.4,0,1.6111245155334473,0.174,1.6111245155334473,0.174,1.6111245155334473,0.1978515625,1.6092607349157333
qsqzkdox,transfer-ring-nsd-orthogonal-nonnorm-noattn-stalk1-h10-fdim5-dist10-size20-seed43,finished,graph-transfer-paper-classical-vs-sheaf-runpod,2026-06-03T18:47:51Z,https://wandb.ai/luigifracassetti-universit-degli-studi-di-milano-bicocca/on-oversquashing-transfer-RunPod/runs/qsqzkdox,RING,nsd,20,10,10,1,orthogonal,False,False,128,100,43,False,5,5,5,5000,500,nsd-orthogonal-nonnorm-noattn-stalk1-h10,ring,21.2,0,1.6174025535583496,0.212,1.6174025535583496,17.4,0,1.6111708879470823,0.174,1.6111708879470823,0.174,1.6111708879470823,0.20078125,1.609344592690468
bta7xgr5,transfer-ring-nsd-orthogonal-nonnorm-noattn-stalk1-h10-fdim5-dist15-size30-seed43,finished,graph-transfer-paper-classical-vs-sheaf-runpod,2026-06-03T20:34:55Z,https://wandb.ai/luigifracassetti-universit-degli-studi-di-milano-bicocca/on-oversquashing-transfer-RunPod/runs/bta7xgr5,RING,nsd,30,15,10,1,orthogonal,False,False,128,100,43,False,5,5,5,5000,500,nsd-orthogonal-nonnorm-noattn-stalk1-h10,ring,24.6,1,1.6085031032562256,0.246,1.6085031032562256,18.4,0,1.6111745834350586,0.184,1.6111745834350586,0.184,1.6111745834350586,0.202734375,1.6094518959522248
5k8rzjou,transfer-ring-nsd-orthogonal-nonnorm-noattn-stalk1-h100-fdim5-dist1-size2-seed43,finished,graph-transfer-paper-classical-vs-sheaf-runpod,2026-06-03T17:48:50Z,https://wandb.ai/luigifracassetti-universit-degli-studi-di-milano-bicocca/on-oversquashing-transfer-RunPod/runs/5k8rzjou,RING,nsd,2,1,100,1,orthogonal,False,False,128,100,43,False,5,5,5,5000,500,nsd-orthogonal-nonnorm-noattn-stalk1-h100,ring,100.0,0,0.8559067249298096,1.0,0.8559067249298096,100.0,0,0.8559067249298096,1.0,0.8559067249298096,1.0,0.8559067249298096,0.83046875,1.313671311736107
w4ith5uc,transfer-ring-nsd-orthogonal-nonnorm-noattn-stalk1-h100-fdim5-dist3-size6-seed43,finished,graph-transfer-paper-classical-vs-sheaf-runpod,2026-06-03T17:53:05Z,https://wandb.ai/luigifracassetti-universit-degli-studi-di-milano-bicocca/on-oversquashing-transfer-RunPod/runs/w4ith5uc,RING,nsd,6,3,100,1,orthogonal,False,False,128,100,43,False,5,5,5,5000,500,nsd-orthogonal-nonnorm-noattn-stalk1-h100,ring,100.0,2,0.3857693672180176,1.0,0.3857693672180176,100.0,0,0.3857693672180176,1.0,0.3857693672180176,1.0,0.3857693672180176,0.803515625,0.9097232900559902
36axgwn8,transfer-ring-nsd-orthogonal-nonnorm-noattn-stalk1-h100-fdim5-dist5-size10-seed43,finished,graph-transfer-paper-classical-vs-sheaf-runpod,2026-06-03T18:07:31Z,https://wandb.ai/luigifracassetti-universit-degli-studi-di-milano-bicocca/on-oversquashing-transfer-RunPod/runs/36axgwn8,RING,nsd,10,5,100,1,orthogonal,False,False,128,100,43,False,5,5,5,5000,500,nsd-orthogonal-nonnorm-noattn-stalk1-h100,ring,24.6,5,1.6178306341171265,0.246,1.6178306341171265,17.4,0,1.611317157745361,0.174,1.611317157745361,0.174,1.611317157745361,0.194140625,1.6095646858215331
80eadaik,transfer-ring-nsd-orthogonal-nonnorm-noattn-stalk1-h100-fdim5-dist10-size20-seed43,finished,graph-transfer-paper-classical-vs-sheaf-runpod,2026-06-03T18:51:59Z,https://wandb.ai/luigifracassetti-universit-degli-studi-di-milano-bicocca/on-oversquashing-transfer-RunPod/runs/80eadaik,RING,nsd,20,10,100,1,orthogonal,False,False,128,100,43,False,5,5,5,5000,500,nsd-orthogonal-nonnorm-noattn-stalk1-h100,ring,24.6,1,1.6091210842132568,0.246,1.6091210842132568,18.4,0,1.6108051538467407,0.184,1.6108051538467407,0.184,1.6108051538467407,0.196875,1.6097609609365464
bxwmqby1,transfer-ring-nsd-orthogonal-nonnorm-noattn-stalk1-h100-fdim5-dist15-size30-seed43,finished,graph-transfer-paper-classical-vs-sheaf-runpod,2026-06-03T20:41:07Z,https://wandb.ai/luigifracassetti-universit-degli-studi-di-milano-bicocca/on-oversquashing-transfer-RunPod/runs/bxwmqby1,RING,nsd,30,15,100,1,orthogonal,False,False,128,100,43,False,5,5,5,5000,500,nsd-orthogonal-nonnorm-noattn-stalk1-h100,ring,24.6,10,1.612484335899353,0.246,1.612484335899353,18.4,0,1.6122827529907229,0.184,1.6122827529907229,0.184,1.6122827529907229,0.1998046875,1.609639447927475
6vhiwobw,transfer-ring-nsd-orthogonal-nonnorm-noattn-stalk1-h200-fdim5-dist1-size2-seed43,finished,graph-transfer-paper-classical-vs-sheaf-runpod,2026-06-03T17:48:52Z,https://wandb.ai/luigifracassetti-universit-degli-studi-di-milano-bicocca/on-oversquashing-transfer-RunPod/runs/6vhiwobw,RING,nsd,2,1,200,1,orthogonal,False,False,128,100,43,False,5,5,5,5000,500,nsd-orthogonal-nonnorm-noattn-stalk1-h200,ring,100.0,0,0.03721524402499199,1.0,0.03721524402499199,100.0,0,0.03721524402499199,1.0,0.03721524402499199,1.0,0.03721524402499199,0.9580078125,0.5520477769896388
wa06ufuf,transfer-ring-nsd-orthogonal-nonnorm-noattn-stalk1-h200-fdim5-dist3-size6-seed43,finished,graph-transfer-paper-classical-vs-sheaf-runpod,2026-06-03T17:53:19Z,https://wandb.ai/luigifracassetti-universit-degli-studi-di-milano-bicocca/on-oversquashing-transfer-RunPod/runs/wa06ufuf,RING,nsd,6,3,200,1,orthogonal,False,False,128,100,43,False,5,5,5,5000,500,nsd-orthogonal-nonnorm-noattn-stalk1-h200,ring,100.0,1,0.02721662074327469,1.0,0.02721662074327469,100.0,0,0.02721662074327469,1.0,0.02721662074327469,1.0,0.02721662074327469,0.93828125,0.5620608566794545
qx5os80q,transfer-ring-nsd-orthogonal-nonnorm-noattn-stalk1-h200-fdim5-dist5-size10-seed43,finished,graph-transfer-paper-classical-vs-sheaf-runpod,2026-06-03T18:08:22Z,https://wandb.ai/luigifracassetti-universit-degli-studi-di-milano-bicocca/on-oversquashing-transfer-RunPod/runs/qx5os80q,RING,nsd,10,5,200,1,orthogonal,False,False,128,100,43,False,5,5,5,5000,500,nsd-orthogonal-nonnorm-noattn-stalk1-h200,ring,39.6,25,1.6132463216781616,0.396,1.6132463216781616,17.4,0,1.6108510494232178,0.174,1.6108510494232178,0.174,1.6108510494232178,0.20078125,1.609460511803627
7fa1rnx6,transfer-ring-nsd-orthogonal-nonnorm-noattn-stalk1-h200-fdim5-dist10-size20-seed43,finished,graph-transfer-paper-classical-vs-sheaf-runpod,2026-06-03T18:52:18Z,https://wandb.ai/luigifracassetti-universit-degli-studi-di-milano-bicocca/on-oversquashing-transfer-RunPod/runs/7fa1rnx6,RING,nsd,20,10,200,1,orthogonal,False,False,128,100,43,False,5,5,5,5000,500,nsd-orthogonal-nonnorm-noattn-stalk1-h200,ring,24.6,0,1.6487207412719729,0.246,1.6487207412719729,21.2,0,1.611907958984375,0.212,1.611907958984375,0.212,1.611907958984375,0.193359375,1.6100982576608658
65fz3nym,transfer-ring-nsd-orthogonal-nonnorm-noattn-stalk1-h200-fdim5-dist15-size30-seed43,finished,graph-transfer-paper-classical-vs-sheaf-runpod,2026-06-03T20:42:01Z,https://wandb.ai/luigifracassetti-universit-degli-studi-di-milano-bicocca/on-oversquashing-transfer-RunPod/runs/65fz3nym,RING,nsd,30,15,200,1,orthogonal,False,False,128,100,43,False,5,5,5,5000,500,nsd-orthogonal-nonnorm-noattn-stalk1-h200,ring,24.6,2,1.6257119178771973,0.246,1.6257119178771973,17.4,0,1.6125432252883911,0.174,1.6125432252883911,0.174,1.6125432252883911,0.2037109375,1.6102146208286283
r3updx70,transfer-ring-nsd-orthogonal-nonnorm-noattn-stalk1-h50-fdim5-dist1-size2-seed43,finished,graph-transfer-paper-classical-vs-sheaf-runpod,2026-06-03T17:48:39Z,https://wandb.ai/luigifracassetti-universit-degli-studi-di-milano-bicocca/on-oversquashing-transfer-RunPod/runs/r3updx70,RING,nsd,2,1,50,1,orthogonal,False,False,128,100,43,False,5,5,5,5000,500,nsd-orthogonal-nonnorm-noattn-stalk1-h50,ring,100.0,0,0.6951115131378174,1.0,0.6951115131378174,100.0,0,0.6951115131378174,1.0,0.6951115131378174,1.0,0.6951115131378174,0.776171875,1.1774085611104963
pnnte1bx,transfer-ring-nsd-orthogonal-nonnorm-noattn-stalk1-h50-fdim5-dist3-size6-seed43,finished,graph-transfer-paper-classical-vs-sheaf-runpod,2026-06-03T17:52:52Z,https://wandb.ai/luigifracassetti-universit-degli-studi-di-milano-bicocca/on-oversquashing-transfer-RunPod/runs/pnnte1bx,RING,nsd,6,3,50,1,orthogonal,False,False,128,100,43,False,5,5,5,5000,500,nsd-orthogonal-nonnorm-noattn-stalk1-h50,ring,100.0,1,1.56297504901886,1.0,1.56297504901886,100.0,0,1.56297504901886,1.0,1.56297504901886,1.0,1.56297504901886,0.2791015625,1.5891985505819322
vfvwx5xh,transfer-ring-nsd-orthogonal-nonnorm-noattn-stalk1-h50-fdim5-dist5-size10-seed43,finished,graph-transfer-paper-classical-vs-sheaf-runpod,2026-06-03T18:05:10Z,https://wandb.ai/luigifracassetti-universit-degli-studi-di-milano-bicocca/on-oversquashing-transfer-RunPod/runs/vfvwx5xh,RING,nsd,10,5,50,1,orthogonal,False,False,128,100,43,False,5,5,5,5000,500,nsd-orthogonal-nonnorm-noattn-stalk1-h50,ring,24.6,4,1.6070151329040527,0.246,1.6070151329040527,17.4,0,1.6116902828216553,0.174,1.6116902828216553,0.174,1.6116902828216553,0.1923828125,1.6093039900064467
t4l5qwen,transfer-ring-nsd-orthogonal-nonnorm-noattn-stalk1-h50-fdim5-dist10-size20-seed43,finished,graph-transfer-paper-classical-vs-sheaf-runpod,2026-06-03T18:48:06Z,https://wandb.ai/luigifracassetti-universit-degli-studi-di-milano-bicocca/on-oversquashing-transfer-RunPod/runs/t4l5qwen,RING,nsd,20,10,50,1,orthogonal,False,False,128,100,43,False,5,5,5,5000,500,nsd-orthogonal-nonnorm-noattn-stalk1-h50,ring,24.6,4,1.605493187904358,0.246,1.605493187904358,18.4,0,1.610442876815796,0.184,1.610442876815796,0.184,1.610442876815796,0.19296875,1.6094601184129715
pb8wpzpm,transfer-ring-nsd-orthogonal-nonnorm-noattn-stalk1-h50-fdim5-dist15-size30-seed43,finished,graph-transfer-paper-classical-vs-sheaf-runpod,2026-06-03T20:36:52Z,https://wandb.ai/luigifracassetti-universit-degli-studi-di-milano-bicocca/on-oversquashing-transfer-RunPod/runs/pb8wpzpm,RING,nsd,30,15,50,1,orthogonal,False,False,128,100,43,False,5,5,5,5000,500,nsd-orthogonal-nonnorm-noattn-stalk1-h50,ring,24.6,6,1.6051747798919678,0.246,1.6051747798919678,18.4,0,1.6111550331115725,0.184,1.6111550331115725,0.184,1.6111550331115725,0.199609375,1.6095713824033735
cnnsaxc7,transfer-ring-nsd-orthogonal-nonnorm-noattn-stalk3-h10-fdim5-dist1-size2-seed43,finished,graph-transfer-paper-classical-vs-sheaf-runpod,2026-06-03T17:49:02Z,https://wandb.ai/luigifracassetti-universit-degli-studi-di-milano-bicocca/on-oversquashing-transfer-RunPod/runs/cnnsaxc7,RING,nsd,2,1,10,3,orthogonal,False,False,128,100,43,False,5,5,5,5000,500,nsd-orthogonal-nonnorm-noattn-stalk3-h10,ring,100.0,0,1.0167686939239502,1.0,1.0167686939239502,100.0,0,1.0167686939239502,1.0,1.0167686939239502,1.0,1.0167686939239502,0.77421875,1.2899007976055146
9xsao1rk,transfer-ring-nsd-orthogonal-nonnorm-noattn-stalk3-h10-fdim5-dist3-size6-seed43,finished,graph-transfer-paper-classical-vs-sheaf-runpod,2026-06-03T17:53:32Z,https://wandb.ai/luigifracassetti-universit-degli-studi-di-milano-bicocca/on-oversquashing-transfer-RunPod/runs/9xsao1rk,RING,nsd,6,3,10,3,orthogonal,False,False,128,100,43,False,5,5,5,5000,500,nsd-orthogonal-nonnorm-noattn-stalk3-h10,ring,100.0,1,0.6608564257621765,1.0,0.6608564257621765,100.0,0,0.6608564257621765,1.0,0.6608564257621765,1.0,0.6608564257621765,0.8349609375,0.968864054977894
70eog2s8,transfer-ring-nsd-orthogonal-nonnorm-noattn-stalk3-h10-fdim5-dist5-size10-seed43,finished,graph-transfer-paper-classical-vs-sheaf-runpod,2026-06-03T18:11:04Z,https://wandb.ai/luigifracassetti-universit-degli-studi-di-milano-bicocca/on-oversquashing-transfer-RunPod/runs/70eog2s8,RING,nsd,10,5,10,3,orthogonal,False,False,128,100,43,False,5,5,5,5000,500,nsd-orthogonal-nonnorm-noattn-stalk3-h10,ring,100.0,5,0.2296423763036728,1.0,0.2296423763036728,100.0,0,0.2296423763036728,1.0,0.2296423763036728,1.0,0.2296423763036728,0.9611328125,0.35490160509943963
vkk1y86m,transfer-ring-nsd-orthogonal-nonnorm-noattn-stalk3-h10-fdim5-dist10-size20-seed43,finished,graph-transfer-paper-classical-vs-sheaf-runpod,2026-06-03T18:56:08Z,https://wandb.ai/luigifracassetti-universit-degli-studi-di-milano-bicocca/on-oversquashing-transfer-RunPod/runs/vkk1y86m,RING,nsd,20,10,10,3,orthogonal,False,False,128,100,43,False,5,5,5,5000,500,nsd-orthogonal-nonnorm-noattn-stalk3-h10,ring,24.6,7,1.6048996448516846,0.246,1.6048996448516846,18.4,0,1.611395239830017,0.184,1.611395239830017,0.184,1.611395239830017,0.1998046875,1.6094949305057529
xg5almb9,transfer-ring-nsd-orthogonal-nonnorm-noattn-stalk3-h10-fdim5-dist15-size30-seed43,finished,graph-transfer-paper-classical-vs-sheaf-runpod,2026-06-03T20:45:52Z,https://wandb.ai/luigifracassetti-universit-degli-studi-di-milano-bicocca/on-oversquashing-transfer-RunPod/runs/xg5almb9,RING,nsd,30,15,10,3,orthogonal,False,False,128,100,43,False,5,5,5,5000,500,nsd-orthogonal-nonnorm-noattn-stalk3-h10,ring,21.2,1,1.6238094568252563,0.212,1.6238094568252563,17.4,0,1.6117734909057615,0.174,1.6117734909057615,0.174,1.6117734909057615,0.20078125,1.6097590774297714
jwgbasrh,transfer-ring-nsd-orthogonal-nonnorm-noattn-stalk3-h100-fdim5-dist1-size2-seed43,finished,graph-transfer-paper-classical-vs-sheaf-runpod,2026-06-03T17:49:14Z,https://wandb.ai/luigifracassetti-universit-degli-studi-di-milano-bicocca/on-oversquashing-transfer-RunPod/runs/jwgbasrh,RING,nsd,2,1,100,3,orthogonal,False,False,128,100,43,False,5,5,5,5000,500,nsd-orthogonal-nonnorm-noattn-stalk3-h100,ring,100.0,0,0.03253300487995148,1.0,0.03253300487995148,100.0,0,0.03253300487995148,1.0,0.03253300487995148,1.0,0.03253300487995148,0.960546875,0.45302549796178937
pc046wo5,transfer-ring-nsd-orthogonal-nonnorm-noattn-stalk3-h100-fdim5-dist3-size6-seed43,finished,graph-transfer-paper-classical-vs-sheaf-runpod,2026-06-03T17:54:00Z,https://wandb.ai/luigifracassetti-universit-degli-studi-di-milano-bicocca/on-oversquashing-transfer-RunPod/runs/pc046wo5,RING,nsd,6,3,100,3,orthogonal,False,False,128,100,43,False,5,5,5,5000,500,nsd-orthogonal-nonnorm-noattn-stalk3-h100,ring,100.0,0,0.11320999264717102,1.0,0.11320999264717102,100.0,0,0.11320999264717102,1.0,0.11320999264717102,1.0,0.11320999264717102,0.660546875,0.9326034918427468
fj4sv384,transfer-ring-nsd-orthogonal-nonnorm-noattn-stalk3-h100-fdim5-dist5-size10-seed43,finished,graph-transfer-paper-classical-vs-sheaf-runpod,2026-06-03T18:11:54Z,https://wandb.ai/luigifracassetti-universit-degli-studi-di-milano-bicocca/on-oversquashing-transfer-RunPod/runs/fj4sv384,RING,nsd,10,5,100,3,orthogonal,False,False,128,100,43,False,5,5,5,5000,500,nsd-orthogonal-nonnorm-noattn-stalk3-h100,ring,100.0,8,0.16639657318592072,1.0,0.16639657318592072,100.0,0,0.16639657318592072,1.0,0.16639657318592072,1.0,0.16639657318592072,0.8455078125,0.31638453491032126
y7lx0yw0,transfer-ring-nsd-orthogonal-nonnorm-noattn-stalk3-h100-fdim5-dist10-size20-seed43,finished,graph-transfer-paper-classical-vs-sheaf-runpod,2026-06-03T19:00:21Z,https://wandb.ai/luigifracassetti-universit-degli-studi-di-milano-bicocca/on-oversquashing-transfer-RunPod/runs/y7lx0yw0,RING,nsd,20,10,100,3,orthogonal,False,False,128,100,43,False,5,5,5,5000,500,nsd-orthogonal-nonnorm-noattn-stalk3-h100,ring,24.6,2,1.6772832870483398,0.246,1.6772832870483398,17.4,0,1.611915111541748,0.174,1.611915111541748,0.174,1.611915111541748,0.199609375,1.6101768791675568
zrw5zb4w,transfer-ring-nsd-orthogonal-nonnorm-noattn-stalk3-h100-fdim5-dist15-size30-seed43,finished,graph-transfer-paper-classical-vs-sheaf-runpod,2026-06-03T20:51:03Z,https://wandb.ai/luigifracassetti-universit-degli-studi-di-milano-bicocca/on-oversquashing-transfer-RunPod/runs/zrw5zb4w,RING,nsd,30,15,100,3,orthogonal,False,False,128,100,43,False,5,5,5,5000,500,nsd-orthogonal-nonnorm-noattn-stalk3-h100,ring,24.6,7,1.6738630533218384,0.246,1.6738630533218384,18.4,0,1.610764503479004,0.184,1.610764503479004,0.184,1.610764503479004,0.196875,1.610003063082695
v5sql6ow,transfer-ring-nsd-orthogonal-nonnorm-noattn-stalk3-h200-fdim5-dist1-size2-seed43,finished,graph-transfer-paper-classical-vs-sheaf-runpod,2026-06-03T17:49:16Z,https://wandb.ai/luigifracassetti-universit-degli-studi-di-milano-bicocca/on-oversquashing-transfer-RunPod/runs/v5sql6ow,RING,nsd,2,1,200,3,orthogonal,False,False,128,100,43,False,5,5,5,5000,500,nsd-orthogonal-nonnorm-noattn-stalk3-h200,ring,100.0,0,0.003979479428380728,1.0,0.003979479428380728,100.0,0,0.003979479428380728,1.0,0.003979479428380728,1.0,0.003979479428380728,0.968359375,0.24436948682414367
mwgmhqgq,transfer-ring-nsd-orthogonal-nonnorm-noattn-stalk3-h200-fdim5-dist3-size6-seed43,finished,graph-transfer-paper-classical-vs-sheaf-runpod,2026-06-03T17:54:11Z,https://wandb.ai/luigifracassetti-universit-degli-studi-di-milano-bicocca/on-oversquashing-transfer-RunPod/runs/mwgmhqgq,RING,nsd,6,3,200,3,orthogonal,False,False,128,100,43,False,5,5,5,5000,500,nsd-orthogonal-nonnorm-noattn-stalk3-h200,ring,100.0,0,0.09567131102085114,1.0,0.09567131102085114,100.0,0,0.09567131102085114,1.0,0.09567131102085114,1.0,0.09567131102085114,0.6728515625,0.9871664755046368
xi2x1o20,transfer-ring-nsd-orthogonal-nonnorm-noattn-stalk3-h200-fdim5-dist5-size10-seed43,finished,graph-transfer-paper-classical-vs-sheaf-runpod,2026-06-03T18:12:24Z,https://wandb.ai/luigifracassetti-universit-degli-studi-di-milano-bicocca/on-oversquashing-transfer-RunPod/runs/xi2x1o20,RING,nsd,10,5,200,3,orthogonal,False,False,128,100,43,False,5,5,5,5000,500,nsd-orthogonal-nonnorm-noattn-stalk3-h200,ring,100.0,5,0.08207975327968597,1.0,0.08207975327968597,100.0,0,0.08207975327968597,1.0,0.08207975327968597,1.0,0.08207975327968597,0.8298828125,0.3335513463243842
qcg9p9r4,transfer-ring-nsd-orthogonal-nonnorm-noattn-stalk3-h200-fdim5-dist10-size20-seed43,finished,graph-transfer-paper-classical-vs-sheaf-runpod,2026-06-03T19:00:57Z,https://wandb.ai/luigifracassetti-universit-degli-studi-di-milano-bicocca/on-oversquashing-transfer-RunPod/runs/qcg9p9r4,RING,nsd,20,10,200,3,orthogonal,False,False,128,100,43,False,5,5,5,5000,500,nsd-orthogonal-nonnorm-noattn-stalk3-h200,ring,24.6,5,1.650820255279541,0.246,1.650820255279541,18.4,0,1.610214114189148,0.184,1.610214114189148,0.184,1.610214114189148,0.1951171875,1.6109782427549362
2ggmp8lp,transfer-ring-nsd-orthogonal-nonnorm-noattn-stalk3-h200-fdim5-dist15-size30-seed43,finished,graph-transfer-paper-classical-vs-sheaf-runpod,2026-06-03T20:53:09Z,https://wandb.ai/luigifracassetti-universit-degli-studi-di-milano-bicocca/on-oversquashing-transfer-RunPod/runs/2ggmp8lp,RING,nsd,30,15,200,3,orthogonal,False,False,128,100,43,False,5,5,5,5000,500,nsd-orthogonal-nonnorm-noattn-stalk3-h200,ring,24.6,3,1.729137659072876,0.246,1.729137659072876,17.4,0,1.6106207370758057,0.174,1.6106207370758057,0.174,1.6106207370758057,0.201171875,1.611056610941887
cx64oz1s,transfer-ring-nsd-orthogonal-nonnorm-noattn-stalk3-h50-fdim5-dist1-size2-seed43,finished,graph-transfer-paper-classical-vs-sheaf-runpod,2026-06-03T17:49:04Z,https://wandb.ai/luigifracassetti-universit-degli-studi-di-milano-bicocca/on-oversquashing-transfer-RunPod/runs/cx64oz1s,RING,nsd,2,1,50,3,orthogonal,False,False,128,100,43,False,5,5,5,5000,500,nsd-orthogonal-nonnorm-noattn-stalk3-h50,ring,100.0,0,0.14654847979545593,1.0,0.14654847979545593,100.0,0,0.14654847979545593,1.0,0.14654847979545593,1.0,0.14654847979545593,0.946875,0.6804584238678217
h6y806ob,transfer-ring-nsd-orthogonal-nonnorm-noattn-stalk3-h50-fdim5-dist3-size6-seed43,finished,graph-transfer-paper-classical-vs-sheaf-runpod,2026-06-03T17:53:50Z,https://wandb.ai/luigifracassetti-universit-degli-studi-di-milano-bicocca/on-oversquashing-transfer-RunPod/runs/h6y806ob,RING,nsd,6,3,50,3,orthogonal,False,False,128,100,43,False,5,5,5,5000,500,nsd-orthogonal-nonnorm-noattn-stalk3-h50,ring,100.0,0,0.3677096664905548,1.0,0.3677096664905548,100.0,0,0.3677096664905548,1.0,0.3677096664905548,1.0,0.3677096664905548,0.7220703125,1.1088476970791816
pzpm30v9,transfer-ring-nsd-orthogonal-nonnorm-noattn-stalk3-h50-fdim5-dist5-size10-seed43,finished,graph-transfer-paper-classical-vs-sheaf-runpod,2026-06-03T18:11:34Z,https://wandb.ai/luigifracassetti-universit-degli-studi-di-milano-bicocca/on-oversquashing-transfer-RunPod/runs/pzpm30v9,RING,nsd,10,5,50,3,orthogonal,False,False,128,100,43,False,5,5,5,5000,500,nsd-orthogonal-nonnorm-noattn-stalk3-h50,ring,100.0,5,0.04875815287232399,1.0,0.04875815287232399,100.0,0,0.04875815287232399,1.0,0.04875815287232399,1.0,0.04875815287232399,0.923046875,0.24383701207116248
fd94scua,transfer-ring-nsd-orthogonal-nonnorm-noattn-stalk3-h50-fdim5-dist10-size20-seed43,finished,graph-transfer-paper-classical-vs-sheaf-runpod,2026-06-03T18:56:35Z,https://wandb.ai/luigifracassetti-universit-degli-studi-di-milano-bicocca/on-oversquashing-transfer-RunPod/runs/fd94scua,RING,nsd,20,10,50,3,orthogonal,False,False,128,100,43,False,5,5,5,5000,500,nsd-orthogonal-nonnorm-noattn-stalk3-h50,ring,24.6,3,1.6550971269607544,0.246,1.6550971269607544,17.4,0,1.6125471591949463,0.174,1.6125471591949463,0.174,1.6125471591949463,0.1908203125,1.609624621272087
dwmbdk5m,transfer-ring-nsd-orthogonal-nonnorm-noattn-stalk3-h50-fdim5-dist15-size30-seed43,finished,graph-transfer-paper-classical-vs-sheaf-runpod,2026-06-03T20:46:50Z,https://wandb.ai/luigifracassetti-universit-degli-studi-di-milano-bicocca/on-oversquashing-transfer-RunPod/runs/dwmbdk5m,RING,nsd,30,15,50,3,orthogonal,False,False,128,100,43,False,5,5,5,5000,500,nsd-orthogonal-nonnorm-noattn-stalk3-h50,ring,24.6,9,1.627920389175415,0.246,1.627920389175415,18.4,0,1.611562967300415,0.184,1.611562967300415,0.184,1.611562967300415,0.202734375,1.60974018573761
h3vkguuo,transfer-ring-nsd-orthogonal-nonnorm-noattn-stalk5-h10-fdim5-dist1-size2-seed43,finished,graph-transfer-paper-classical-vs-sheaf-runpod,2026-06-03T17:49:25Z,https://wandb.ai/luigifracassetti-universit-degli-studi-di-milano-bicocca/on-oversquashing-transfer-RunPod/runs/h3vkguuo,RING,nsd,2,1,10,5,orthogonal,False,False,128,100,43,False,5,5,5,5000,500,nsd-orthogonal-nonnorm-noattn-stalk5-h10,ring,100.0,0,0.7409889101982117,1.0,0.7409889101982117,100.0,0,0.7409889101982117,1.0,0.7409889101982117,1.0,0.7409889101982117,0.842578125,1.1517026752233506
s3shfej6,transfer-ring-nsd-orthogonal-nonnorm-noattn-stalk5-h10-fdim5-dist3-size6-seed43,finished,graph-transfer-paper-classical-vs-sheaf-runpod,2026-06-03T17:54:16Z,https://wandb.ai/luigifracassetti-universit-degli-studi-di-milano-bicocca/on-oversquashing-transfer-RunPod/runs/s3shfej6,RING,nsd,6,3,10,5,orthogonal,False,False,128,100,43,False,5,5,5,5000,500,nsd-orthogonal-nonnorm-noattn-stalk5-h10,ring,100.0,0,0.7983343005180359,1.0,0.7983343005180359,100.0,0,0.7983343005180359,1.0,0.7983343005180359,1.0,0.7983343005180359,0.5931640625,1.2373742043972016
5vyv9l21,transfer-ring-nsd-orthogonal-nonnorm-noattn-stalk5-h10-fdim5-dist5-size10-seed43,finished,graph-transfer-paper-classical-vs-sheaf-runpod,2026-06-03T18:12:46Z,https://wandb.ai/luigifracassetti-universit-degli-studi-di-milano-bicocca/on-oversquashing-transfer-RunPod/runs/5vyv9l21,RING,nsd,10,5,10,5,orthogonal,False,False,128,100,43,False,5,5,5,5000,500,nsd-orthogonal-nonnorm-noattn-stalk5-h10,ring,100.0,3,0.17466890811920166,1.0,0.17466890811920166,100.0,0,0.17466890811920166,1.0,0.17466890811920166,1.0,0.17466890811920166,0.97578125,0.272675085067749
ltn5a0so,transfer-ring-nsd-orthogonal-nonnorm-noattn-stalk5-h10-fdim5-dist10-size20-seed43,finished,graph-transfer-paper-classical-vs-sheaf-runpod,2026-06-03T19:04:31Z,https://wandb.ai/luigifracassetti-universit-degli-studi-di-milano-bicocca/on-oversquashing-transfer-RunPod/runs/ltn5a0so,RING,nsd,20,10,10,5,orthogonal,False,False,128,100,43,False,5,5,5,5000,500,nsd-orthogonal-nonnorm-noattn-stalk5-h10,ring,38.6,94,1.6107935905456543,0.386,1.6107935905456543,17.4,0,1.6113024950027466,0.174,1.6113024950027466,0.174,1.6113024950027466,0.20390625,1.60898257791996
x56niizy,transfer-ring-nsd-orthogonal-nonnorm-noattn-stalk5-h10-fdim5-dist15-size30-seed43,finished,graph-transfer-paper-classical-vs-sheaf-runpod,2026-06-03T20:57:09Z,https://wandb.ai/luigifracassetti-universit-degli-studi-di-milano-bicocca/on-oversquashing-transfer-RunPod/runs/x56niizy,RING,nsd,30,15,10,5,orthogonal,False,False,128,100,43,False,5,5,5,5000,500,nsd-orthogonal-nonnorm-noattn-stalk5-h10,ring,24.6,2,1.614987015724182,0.246,1.614987015724182,18.4,0,1.6107450723648071,0.184,1.6107450723648071,0.184,1.6107450723648071,0.1919921875,1.609837770462036
1j9bavo7,transfer-ring-nsd-orthogonal-nonnorm-noattn-stalk5-h100-fdim5-dist1-size2-seed43,finished,graph-transfer-paper-classical-vs-sheaf-runpod,2026-06-03T17:49:37Z,https://wandb.ai/luigifracassetti-universit-degli-studi-di-milano-bicocca/on-oversquashing-transfer-RunPod/runs/1j9bavo7,RING,nsd,2,1,100,5,orthogonal,False,False,128,100,43,False,5,5,5,5000,500,nsd-orthogonal-nonnorm-noattn-stalk5-h100,ring,100.0,0,0.009630590677261353,1.0,0.009630590677261353,100.0,0,0.009630590677261353,1.0,0.009630590677261353,1.0,0.009630590677261353,0.957421875,0.33218455442693084
uqv3xwxi,transfer-ring-nsd-orthogonal-nonnorm-noattn-stalk5-h100-fdim5-dist3-size6-seed43,finished,graph-transfer-paper-classical-vs-sheaf-runpod,2026-06-03T17:54:36Z,https://wandb.ai/luigifracassetti-universit-degli-studi-di-milano-bicocca/on-oversquashing-transfer-RunPod/runs/uqv3xwxi,RING,nsd,6,3,100,5,orthogonal,False,False,128,100,43,False,5,5,5,5000,500,nsd-orthogonal-nonnorm-noattn-stalk5-h100,ring,100.0,0,0.0965375080704689,1.0,0.0965375080704689,100.0,0,0.0965375080704689,1.0,0.0965375080704689,1.0,0.0965375080704689,0.6568359375,1.0187206130474806
d8s3hlg4,transfer-ring-nsd-orthogonal-nonnorm-noattn-stalk5-h100-fdim5-dist5-size10-seed43,finished,graph-transfer-paper-classical-vs-sheaf-runpod,2026-06-03T18:14:11Z,https://wandb.ai/luigifracassetti-universit-degli-studi-di-milano-bicocca/on-oversquashing-transfer-RunPod/runs/d8s3hlg4,RING,nsd,10,5,100,5,orthogonal,False,False,128,100,43,False,5,5,5,5000,500,nsd-orthogonal-nonnorm-noattn-stalk5-h100,ring,100.0,9,0.17772266268730164,1.0,0.17772266268730164,100.0,0,0.17772266268730164,1.0,0.17772266268730164,1.0,0.17772266268730164,0.873828125,0.34504558332264423
byjy2pkp,transfer-ring-nsd-orthogonal-nonnorm-noattn-stalk5-h100-fdim5-dist10-size20-seed43,finished,graph-transfer-paper-classical-vs-sheaf-runpod,2026-06-03T19:09:33Z,https://wandb.ai/luigifracassetti-universit-degli-studi-di-milano-bicocca/on-oversquashing-transfer-RunPod/runs/byjy2pkp,RING,nsd,20,10,100,5,orthogonal,False,False,128,100,43,False,5,5,5,5000,500,nsd-orthogonal-nonnorm-noattn-stalk5-h100,ring,24.6,7,1.6288673877716064,0.246,1.6288673877716064,18.4,0,1.612272024154663,0.184,1.612272024154663,0.184,1.612272024154663,0.198046875,1.609899604320526
nukdl4ui,transfer-ring-nsd-orthogonal-nonnorm-noattn-stalk5-h100-fdim5-dist15-size30-seed43,finished,graph-transfer-paper-classical-vs-sheaf-runpod,2026-06-03T21:07:03Z,https://wandb.ai/luigifracassetti-universit-degli-studi-di-milano-bicocca/on-oversquashing-transfer-RunPod/runs/nukdl4ui,RING,nsd,30,15,100,5,orthogonal,False,False,128,100,43,False,5,5,5,5000,500,nsd-orthogonal-nonnorm-noattn-stalk5-h100,ring,24.6,9,1.66825532913208,0.246,1.66825532913208,17.4,0,1.6138324737548828,0.174,1.6138324737548828,0.174,1.6138324737548828,0.1875,1.6106352835893631
bbnvm7jy,transfer-ring-nsd-orthogonal-nonnorm-noattn-stalk5-h200-fdim5-dist1-size2-seed43,finished,graph-transfer-paper-classical-vs-sheaf-runpod,2026-06-03T17:49:39Z,https://wandb.ai/luigifracassetti-universit-degli-studi-di-milano-bicocca/on-oversquashing-transfer-RunPod/runs/bbnvm7jy,RING,nsd,2,1,200,5,orthogonal,False,False,128,100,43,False,5,5,5,5000,500,nsd-orthogonal-nonnorm-noattn-stalk5-h200,ring,100.0,0,0.0013497464824467895,1.0,0.0013497464824467895,100.0,0,0.0013497464824467895,1.0,0.0013497464824467895,1.0,0.0013497464824467895,0.975,0.19522759467363357
lqxh3fda,transfer-ring-nsd-orthogonal-nonnorm-noattn-stalk5-h200-fdim5-dist3-size6-seed43,finished,graph-transfer-paper-classical-vs-sheaf-runpod,2026-06-03T17:54:41Z,https://wandb.ai/luigifracassetti-universit-degli-studi-di-milano-bicocca/on-oversquashing-transfer-RunPod/runs/lqxh3fda,RING,nsd,6,3,200,5,orthogonal,False,False,128,100,43,False,5,5,5,5000,500,nsd-orthogonal-nonnorm-noattn-stalk5-h200,ring,100.0,0,0.22342778742313385,1.0,0.22342778742313385,100.0,0,0.22342778742313385,1.0,0.22342778742313385,1.0,0.22342778742313385,0.558203125,1.1973900482058526
ltd5bqfw,transfer-ring-nsd-orthogonal-nonnorm-noattn-stalk5-h200-fdim5-dist5-size10-seed43,finished,graph-transfer-paper-classical-vs-sheaf-runpod,2026-06-03T18:15:31Z,https://wandb.ai/luigifracassetti-universit-degli-studi-di-milano-bicocca/on-oversquashing-transfer-RunPod/runs/ltd5bqfw,RING,nsd,10,5,200,5,orthogonal,False,False,128,100,43,False,5,5,5,5000,500,nsd-orthogonal-nonnorm-noattn-stalk5-h200,ring,100.0,12,0.1275809109210968,1.0,0.1275809109210968,100.0,0,0.1275809109210968,1.0,0.1275809109210968,1.0,0.1275809109210968,0.924609375,0.20898118931800128
rgqzfal0,transfer-ring-nsd-orthogonal-nonnorm-noattn-stalk5-h200-fdim5-dist10-size20-seed43,finished,graph-transfer-paper-classical-vs-sheaf-runpod,2026-06-03T19:10:01Z,https://wandb.ai/luigifracassetti-universit-degli-studi-di-milano-bicocca/on-oversquashing-transfer-RunPod/runs/rgqzfal0,RING,nsd,20,10,200,5,orthogonal,False,False,128,100,43,False,5,5,5,5000,500,nsd-orthogonal-nonnorm-noattn-stalk5-h200,ring,24.6,20,1.627981185913086,0.246,1.627981185913086,21.2,0,1.611459732055664,0.212,1.611459732055664,0.212,1.611459732055664,0.1908203125,1.6102595686912538
8507j7ac,transfer-ring-nsd-orthogonal-nonnorm-noattn-stalk5-h200-fdim5-dist15-size30-seed43,finished,graph-transfer-paper-classical-vs-sheaf-runpod,2026-06-03T21:10:24Z,https://wandb.ai/luigifracassetti-universit-degli-studi-di-milano-bicocca/on-oversquashing-transfer-RunPod/runs/8507j7ac,RING,nsd,30,15,200,5,orthogonal,False,False,128,100,43,False,5,5,5,5000,500,nsd-orthogonal-nonnorm-noattn-stalk5-h200,ring,24.6,1,2.4165303707122803,0.246,2.4165303707122803,17.4,0,1.611095905303955,0.174,1.611095905303955,0.174,1.611095905303955,0.1880859375,1.610614475607872
m82qvyj8,transfer-ring-nsd-orthogonal-nonnorm-noattn-stalk5-h50-fdim5-dist1-size2-seed43,finished,graph-transfer-paper-classical-vs-sheaf-runpod,2026-06-03T17:49:27Z,https://wandb.ai/luigifracassetti-universit-degli-studi-di-milano-bicocca/on-oversquashing-transfer-RunPod/runs/m82qvyj8,RING,nsd,2,1,50,5,orthogonal,False,False,128,100,43,False,5,5,5,5000,500,nsd-orthogonal-nonnorm-noattn-stalk5-h50,ring,100.0,0,0.06086090952157974,1.0,0.06086090952157974,100.0,0,0.06086090952157974,1.0,0.06086090952157974,1.0,0.06086090952157974,0.944140625,0.5440636510029435
7prw9egs,transfer-ring-nsd-orthogonal-nonnorm-noattn-stalk5-h50-fdim5-dist3-size6-seed43,finished,graph-transfer-paper-classical-vs-sheaf-runpod,2026-06-03T17:54:26Z,https://wandb.ai/luigifracassetti-universit-degli-studi-di-milano-bicocca/on-oversquashing-transfer-RunPod/runs/7prw9egs,RING,nsd,6,3,50,5,orthogonal,False,False,128,100,43,False,5,5,5,5000,500,nsd-orthogonal-nonnorm-noattn-stalk5-h50,ring,100.0,0,0.15724101662635803,1.0,0.15724101662635803,100.0,0,0.15724101662635803,1.0,0.15724101662635803,1.0,0.15724101662635803,0.798046875,0.927148887515068
6wymxcu5,transfer-ring-nsd-orthogonal-nonnorm-noattn-stalk5-h50-fdim5-dist5-size10-seed43,finished,graph-transfer-paper-classical-vs-sheaf-runpod,2026-06-03T18:13:24Z,https://wandb.ai/luigifracassetti-universit-degli-studi-di-milano-bicocca/on-oversquashing-transfer-RunPod/runs/6wymxcu5,RING,nsd,10,5,50,5,orthogonal,False,False,128,100,43,False,5,5,5,5000,500,nsd-orthogonal-nonnorm-noattn-stalk5-h50,ring,100.0,4,0.017540790140628815,1.0,0.017540790140628815,100.0,0,0.017540790140628815,1.0,0.017540790140628815,1.0,0.017540790140628815,0.9662109375,0.12947724862024187
zaavx2c7,transfer-ring-nsd-orthogonal-nonnorm-noattn-stalk5-h50-fdim5-dist10-size20-seed43,finished,graph-transfer-paper-classical-vs-sheaf-runpod,2026-06-03T19:05:47Z,https://wandb.ai/luigifracassetti-universit-degli-studi-di-milano-bicocca/on-oversquashing-transfer-RunPod/runs/zaavx2c7,RING,nsd,20,10,50,5,orthogonal,False,False,128,100,43,False,5,5,5,5000,500,nsd-orthogonal-nonnorm-noattn-stalk5-h50,ring,24.6,3,1.7388427257537842,0.246,1.7388427257537842,18.4,0,1.610176682472229,0.184,1.610176682472229,0.184,1.610176682472229,0.197265625,1.6099163055419925
f7d30kwr,transfer-ring-nsd-orthogonal-nonnorm-noattn-stalk5-h50-fdim5-dist15-size30-seed43,finished,graph-transfer-paper-classical-vs-sheaf-runpod,2026-06-03T21:01:36Z,https://wandb.ai/luigifracassetti-universit-degli-studi-di-milano-bicocca/on-oversquashing-transfer-RunPod/runs/f7d30kwr,RING,nsd,30,15,50,5,orthogonal,False,False,128,100,43,False,5,5,5,5000,500,nsd-orthogonal-nonnorm-noattn-stalk5-h50,ring,24.6,4,1.625041961669922,0.246,1.625041961669922,17.4,0,1.6113280057907104,0.174,1.6113280057907104,0.174,1.6113280057907104,0.1939453125,1.6101757168769837
n7645sus,transfer-ring-classic-sage-h64-fdim5-dist1-size2-seed43,finished,graph-transfer-paper-classical-vs-sheaf-runpod,2026-06-03T17:48:25Z,https://wandb.ai/luigifracassetti-universit-degli-studi-di-milano-bicocca/on-oversquashing-transfer-RunPod/runs/n7645sus,RING,sage,2,1,64,1,general,True,True,128,100,43,False,5,5,5,5000,500,classic-sage-h64,ring,100.0,6,1.194042682647705,1.0,1.194042682647705,100.0,0,1.194042682647705,1.0,1.194042682647705,1.0,1.194042682647705,0.9841796875,1.236504825949669
pmaz3sch,transfer-ring-classic-sage-h64-fdim5-dist3-size6-seed43,finished,graph-transfer-paper-classical-vs-sheaf-runpod,2026-06-03T17:52:40Z,https://wandb.ai/luigifracassetti-universit-degli-studi-di-milano-bicocca/on-oversquashing-transfer-RunPod/runs/pmaz3sch,RING,sage,6,3,64,1,general,True,True,128,100,43,False,5,5,5,5000,500,classic-sage-h64,ring,100.0,0,0.5667711496353149,1.0,0.5667711496353149,100.0,0,0.5667711496353149,1.0,0.5667711496353149,1.0,0.5667711496353149,0.908203125,0.8729427807033062
oy5iuct5,transfer-ring-classic-sage-h64-fdim5-dist5-size10-seed43,finished,graph-transfer-paper-classical-vs-sheaf-runpod,2026-06-03T18:03:42Z,https://wandb.ai/luigifracassetti-universit-degli-studi-di-milano-bicocca/on-oversquashing-transfer-RunPod/runs/oy5iuct5,RING,sage,10,5,64,1,general,True,True,128,100,43,False,5,5,5,5000,500,classic-sage-h64,ring,100.0,0,0.7108185887336731,1.0,0.7108185887336731,100.0,0,0.7108185887336731,1.0,0.7108185887336731,1.0,0.7108185887336731,0.7462890625,1.019039908796549
ud76h8gk,transfer-ring-classic-sage-h64-fdim5-dist10-size20-seed43,finished,graph-transfer-paper-classical-vs-sheaf-runpod,2026-06-03T18:47:20Z,https://wandb.ai/luigifracassetti-universit-degli-studi-di-milano-bicocca/on-oversquashing-transfer-RunPod/runs/ud76h8gk,RING,sage,20,10,64,1,general,True,True,128,100,43,False,5,5,5,5000,500,classic-sage-h64,ring,100.0,32,0.4812904000282288,1.0,0.4812904000282288,100.0,0,0.4812904000282288,1.0,0.4812904000282288,1.0,0.4812904000282288,0.9962890625,0.4628428280353546
ky3q4d3e,transfer-ring-classic-sage-h64-fdim5-dist15-size30-seed43,finished,graph-transfer-paper-classical-vs-sheaf-runpod,2026-06-03T20:34:29Z,https://wandb.ai/luigifracassetti-universit-degli-studi-di-milano-bicocca/on-oversquashing-transfer-RunPod/runs/ky3q4d3e,RING,sage,30,15,64,1,general,True,True,128,100,43,False,5,5,5,5000,500,classic-sage-h64,ring,24.6,2,1.604984164237976,0.246,1.604984164237976,17.4,0,1.61985182762146,0.174,1.61985182762146,0.174,1.61985182762146,0.246875,1.59176804125309
